Name/Code,Key Characteristics,Overall Outer Diameter (or size Width xThickness for flat cable) in inch,Service/Function,Voltage Rating,Insulation,Jacket,Raceway Type,TID (Mrad),Manuf. & Model,Comments,Spec File Name,Request #,Revsion,Date,,,,,,,,,,,,,,,,,,,,,,,,,,,,,,,,,,,,,,,,,,,,,,,,,,,,,,,,,,,,,,,,,,,,,,,,,,,,,,,,,,,,,,,,,,,,,,,,,,,,,,,,,,,,,,,,,,,,,,,,,,,,,,,,,,,,,,,,,,,,,,,,,,,,,,,,,,,,,,,,,,,,,,,,,,,,,,,,,,,,,,,,,,,,,,,,,,,,,,,,,,,,,,,,,,,,,,,,,,,,,,,,,,,,,,,,,,,
1/2HELA,"1/2"" heliax Type 461",0.63,Transformer Output Winding Cable,Comm,Solid PE,Flame Retardant PVC,Tray or Conduit,100,"Andrew LDF4RN-50A, CATVR", ,Andrew_LDF4RN-50A.pdf, ,,,,,,,,,,,,,,,,,,,,,,,,,,,,,,,,,,,,,,,,,,,,,,,,,,,,,,,,,,,,,,,,,,,,,,,,,,,,,,,,,,,,,,,,,,,,,,,,,,,,,,,,,,,,,,,,,,,,,,,,,,,,,,,,,,,,,,,,,,,,,,,,,,,,,,,,,,,,,,,,,,,,,,,,,,,,,,,,,,,,,,,,,,,,,,,,,,,,,,,,,,,,,,,,,,,,,,,,,,,,,,,,,,,,,,,,,,,,,
1/4HELA,1/4 in Heliax,0.345,,N/A,Solid PE,Flame Retardant PVC,Tray or Conduit,100,"Andrew LDF1RN-50A, CATVR", ,Andrew_LDF1RN-50A.pdf,,,,,,,,,,,,,,,,,,,,,,,,,,,,,,,,,,,,,,,,,,,,,,,,,,,,,,,,,,,,,,,,,,,,,,,,,,,,,,,,,,,,,,,,,,,,,,,,,,,,,,,,,,,,,,,,,,,,,,,,,,,,,,,,,,,,,,,,,,,,,,,,,,,,,,,,,,,,,,,,,,,,,,,,,,,,,,,,,,,,,,,,,,,,,,,,,,,,,,,,,,,,,,,,,,,,,,,,,,,,,,,,,,,,,,,,,,,,,,
1/4HELA_RFS,1/4 in Heliax,0.31, ,N/A,Foam PE,Flame Retardant PE,Tray or Conduit,100,RFS SCF14-50JFN Phase Stabilized, ,RFS_SCF14-50JFN_phase_ stabilized.pdf,,,,,,,,,,,,,,,,,,,,,,,,,,,,,,,,,,,,,,,,,,,,,,,,,,,,,,,,,,,,,,,,,,,,,,,,,,,,,,,,,,,,,,,,,,,,,,,,,,,,,,,,,,,,,,,,,,,,,,,,,,,,,,,,,,,,,,,,,,,,,,,,,,,,,,,,,,,,,,,,,,,,,,,,,,,,,,,,,,,,,,,,,,,,,,,,,,,,,,,,,,,,,,,,,,,,,,,,,,,,,,,,,,,,,,,,,,,,,,
10C22OSTC,"10 Conductor, 22 AWG, Stranded,  Non Paired, overall shield, tray cable",0.3,RS-232 Applications,Comm,Semi-Rigid PVC,PVC,Tray or Conduit,100,Belden 9946, ,Belden9946,,,,,,,,,,,,,,,,,,,,,,,,,,,,,,,,,,,,,,,,,,,,,,,,,,,,,,,,,,,,,,,,,,,,,,,,,,,,,,,,,,,,,,,,,,,,,,,,,,,,,,,,,,,,,,,,,,,,,,,,,,,,,,,,,,,,,,,,,,,,,,,,,,,,,,,,,,,,,,,,,,,,,,,,,,,,,,,,,,,,,,,,,,,,,,,,,,,,,,,,,,,,,,,,,,,,,,,,,,,,,,,,,,,,,,,,,,,,,,
10PR22OS_RS232,"10 Pair, 22 AWG, Twisted Pair, overall shield",0.44,Vacuum Rack Cables,300,SR-PVC,PVC,Tray or Conduit,100,Belden 8310, ,Belden8310.pdf,,,,,,,,,,,,,,,,,,,,,,,,,,,,,,,,,,,,,,,,,,,,,,,,,,,,,,,,,,,,,,,,,,,,,,,,,,,,,,,,,,,,,,,,,,,,,,,,,,,,,,,,,,,,,,,,,,,,,,,,,,,,,,,,,,,,,,,,,,,,,,,,,,,,,,,,,,,,,,,,,,,,,,,,,,,,,,,,,,,,,,,,,,,,,,,,,,,,,,,,,,,,,,,,,,,,,,,,,,,,,,,,,,,,,,,,,,,,,,
12C16TC6V,"12 Conductor 16 AWG, Copper tape shield with copper drain wire, tray rated",0.596,PPS system cable,600,"XHHW, EPR",CPE Low Smoke,Tray or Conduit,100,"BICC Cables FREP II-XL-S600TC-16-12 with Copper tape shield with copper drain, K-2 color code",,BICC-FREP-ll-S600TC-16-12-CDK2.pdf,,,,,,,,,,,,,,,,,,,,,,,,,,,,,,,,,,,,,,,,,,,,,,,,,,,,,,,,,,,,,,,,,,,,,,,,,,,,,,,,,,,,,,,,,,,,,,,,,,,,,,,,,,,,,,,,,,,,,,,,,,,,,,,,,,,,,,,,,,,,,,,,,,,,,,,,,,,,,,,,,,,,,,,,,,,,,,,,,,,,,,,,,,,,,,,,,,,,,,,,,,,,,,,,,,,,,,,,,,,,,,,,,,,,,,,,,,,,,,
12C16TC6VNR,"12 Conductor, 16 AWG, overall shield, tinned copper drain, tray rated",0.59,PPS non-rad cable,600,PVC/Nylon,PVC,Tray or Conduit,1,General Cable D1501612, ,General-D1501612.pdf,,,,,,,,,,,,,,,,,,,,,,,,,,,,,,,,,,,,,,,,,,,,,,,,,,,,,,,,,,,,,,,,,,,,,,,,,,,,,,,,,,,,,,,,,,,,,,,,,,,,,,,,,,,,,,,,,,,,,,,,,,,,,,,,,,,,,,,,,,,,,,,,,,,,,,,,,,,,,,,,,,,,,,,,,,,,,,,,,,,,,,,,,,,,,,,,,,,,,,,,,,,,,,,,,,,,,,,,,,,,,,,,,,,,,,,,,,,,,,
12C16TC6VR,"12 Conductor, 16 AWG, overall shield, tinned copper drain, tray rated",0.596,PPS rad cable,600,EPR,CPE Low Smoke,Tray or Conduit,300,BICC Cables FREP II-S600TC-16-12, ,BICC-FREP-ll-S600TC-16-12.pdf,,,,,,,,,,,,,,,,,,,,,,,,,,,,,,,,,,,,,,,,,,,,,,,,,,,,,,,,,,,,,,,,,,,,,,,,,,,,,,,,,,,,,,,,,,,,,,,,,,,,,,,,,,,,,,,,,,,,,,,,,,,,,,,,,,,,,,,,,,,,,,,,,,,,,,,,,,,,,,,,,,,,,,,,,,,,,,,,,,,,,,,,,,,,,,,,,,,,,,,,,,,,,,,,,,,,,,,,,,,,,,,,,,,,,,,,,,,,,,
12C16TC6VR_Basic,"12 Conductor, 16 AWG, Overall Shield, with copper drain wire, Method 1-Table K2 color-coded, tray cable",0.65,PPS-ODH,600,XLP,CSPE,Tray or Conduit,100,Basic Wire & Cable 6-362-SH, ,Basic_6-362-SH.pdf,,,,,,,,,,,,,,,,,,,,,,,,,,,,,,,,,,,,,,,,,,,,,,,,,,,,,,,,,,,,,,,,,,,,,,,,,,,,,,,,,,,,,,,,,,,,,,,,,,,,,,,,,,,,,,,,,,,,,,,,,,,,,,,,,,,,,,,,,,,,,,,,,,,,,,,,,,,,,,,,,,,,,,,,,,,,,,,,,,,,,,,,,,,,,,,,,,,,,,,,,,,,,,,,,,,,,,,,,,,,,,,,,,,,,,,,,,,,,,
12C20S3VTC,"12 Conductor, 20 AWG, Stranded Tinned Copper, Foil Shield, Nylon Ripcord, with copper drain wire",0.39,Vacuum - Fast Valves,300,PVC,PVC,Tray or Conduit,100,Alpha Wire 5562C, ,Alpha5562C.pdf,,,,,,,,,,,,,,,,,,,,,,,,,,,,,,,,,,,,,,,,,,,,,,,,,,,,,,,,,,,,,,,,,,,,,,,,,,,,,,,,,,,,,,,,,,,,,,,,,,,,,,,,,,,,,,,,,,,,,,,,,,,,,,,,,,,,,,,,,,,,,,,,,,,,,,,,,,,,,,,,,,,,,,,,,,,,,,,,,,,,,,,,,,,,,,,,,,,,,,,,,,,,,,,,,,,,,,,,,,,,,,,,,,,,,,,,,,,,,,
12MFibSBFOutdoor2,"Sumitomo FuterFlex 62.5 micron Multimode, 12 fibers, with Outdoor/All Dielectric tube bundle   (2 inner tubes)",0.9,"Fiber Optic Cable for Data Comm, Spec. 16129",NA,NA,PE,Conduit Only,100,"Sumitomo FB12M6 (fiber) & TCxxTOX (tube bundle) (for 02, 07, or 19 tubes) or TCxxTOD (for 04 tubes) Where xx = the # of tubes.", ,Sumitomo-12MFibSBFOutdoor.pdf,,,,,,,,,,,,,,,,,,,,,,,,,,,,,,,,,,,,,,,,,,,,,,,,,,,,,,,,,,,,,,,,,,,,,,,,,,,,,,,,,,,,,,,,,,,,,,,,,,,,,,,,,,,,,,,,,,,,,,,,,,,,,,,,,,,,,,,,,,,,,,,,,,,,,,,,,,,,,,,,,,,,,,,,,,,,,,,,,,,,,,,,,,,,,,,,,,,,,,,,,,,,,,,,,,,,,,,,,,,,,,,,,,,,,,,,,,,,,,
12MFibSBFOutdoor4,"Sumitomo FuterFlex 62.5 micron Multimode, 12 fibers, with Outdoor/All Dielectric tube bundle   (4 inner tubes)",0.9,"Fiber Optic Cable for Data Comm, Spec. 16129",NA,NA,PE,Conduit Only,100,"Sumitomo FB12M6 (fiber) & TCxxTOX (tube bundle) (for 02, 07, or 19 tubes) or TCxxTOD (for 04 tubes) Where xx = the # of tubes.", ,Sumitomo-12MFibSBFOutdoor.pdf,,,,,,,,,,,,,,,,,,,,,,,,,,,,,,,,,,,,,,,,,,,,,,,,,,,,,,,,,,,,,,,,,,,,,,,,,,,,,,,,,,,,,,,,,,,,,,,,,,,,,,,,,,,,,,,,,,,,,,,,,,,,,,,,,,,,,,,,,,,,,,,,,,,,,,,,,,,,,,,,,,,,,,,,,,,,,,,,,,,,,,,,,,,,,,,,,,,,,,,,,,,,,,,,,,,,,,,,,,,,,,,,,,,,,,,,,,,,,,
12MFibSBFOutdoor7,"Sumitomo FuterFlex 62.5 micron Multimode, 12 fibers, with Outdoor/All Dielectric tube bundle   (7 inner tubes)",1.1,"Fiber Optic Cable for Data Comm, Spec. 16129",NA,NA,PE,Conduit Only,100,"Sumitomo FB12M6 (fiber) & TCxxTOX (tube bundle) (for 02, 07, or 19 tubes) or TCxxTOD (for 04 tubes) Where xx = the # of tubes.", ,Sumitomo-12MFibSBFOutdoor.pdf,,,,,,,,,,,,,,,,,,,,,,,,,,,,,,,,,,,,,,,,,,,,,,,,,,,,,,,,,,,,,,,,,,,,,,,,,,,,,,,,,,,,,,,,,,,,,,,,,,,,,,,,,,,,,,,,,,,,,,,,,,,,,,,,,,,,,,,,,,,,,,,,,,,,,,,,,,,,,,,,,,,,,,,,,,,,,,,,,,,,,,,,,,,,,,,,,,,,,,,,,,,,,,,,,,,,,,,,,,,,,,,,,,,,,,,,,,,,,,
12MFibSBFOutdoor19,"Sumitomo FuterFlex 62.5 micron Multimode, 12 fibers, with Outdoor/All Dielectric tube bundle   (19 inner tubes)",1.7,"Fiber Optic Cable for Data Comm, Spec. 16129",NA,NA,PE,Conduit Only,100,"Sumitomo FB12M6 (fiber) & TCxxTOX (tube bundle) (for 02, 07, or 19 tubes) or TCxxTOD (for 04 tubes) Where xx = the # of tubes.", ,Sumitomo-12MFibSBFOutdoor.pdf,,,,,,,,,,,,,,,,,,,,,,,,,,,,,,,,,,,,,,,,,,,,,,,,,,,,,,,,,,,,,,,,,,,,,,,,,,,,,,,,,,,,,,,,,,,,,,,,,,,,,,,,,,,,,,,,,,,,,,,,,,,,,,,,,,,,,,,,,,,,,,,,,,,,,,,,,,,,,,,,,,,,,,,,,,,,,,,,,,,,,,,,,,,,,,,,,,,,,,,,,,,,,,,,,,,,,,,,,,,,,,,,,,,,,,,,,,,,,,
12MFibSBFRiser2,"Sumitomo FuterFlex 62.5 micron Multimode, 12 fibers, with Indoor/Riser rated tube bundle (02, 03, 07, 0r 19 inner tubes)",1,"Fiber Optic Cable for Data Comm, Spec. 16129",NA,NA,PVC,Tray or Conduit,100,Sumitomo FB12M6 (Fiber) & TCxxTRX (Tube Bundle)  (where xx = the number of tubes in the bundle), ,Sumitomo-12MFibSBFRiser.pdf,,,,,,,,,,,,,,,,,,,,,,,,,,,,,,,,,,,,,,,,,,,,,,,,,,,,,,,,,,,,,,,,,,,,,,,,,,,,,,,,,,,,,,,,,,,,,,,,,,,,,,,,,,,,,,,,,,,,,,,,,,,,,,,,,,,,,,,,,,,,,,,,,,,,,,,,,,,,,,,,,,,,,,,,,,,,,,,,,,,,,,,,,,,,,,,,,,,,,,,,,,,,,,,,,,,,,,,,,,,,,,,,,,,,,,,,,,,,,,
12MFibSBFRiser3,"Sumitomo FuterFlex 62.5 micron Multimode, 12 fibers, with Indoor/Riser rated tube bundle (02, 03, 07, 0r 19 inner tubes)",1,"Fiber Optic Cable for Data Comm, Spec. 16129",NA,NA,PVC,Tray or Conduit,100,Sumitomo FB12M6 (Fiber) & TCxxTRX (Tube Bundle)  (where xx = the number of tubes in the bundle), ,Sumitomo-12MFibSBFRiser.pdf,,,,,,,,,,,,,,,,,,,,,,,,,,,,,,,,,,,,,,,,,,,,,,,,,,,,,,,,,,,,,,,,,,,,,,,,,,,,,,,,,,,,,,,,,,,,,,,,,,,,,,,,,,,,,,,,,,,,,,,,,,,,,,,,,,,,,,,,,,,,,,,,,,,,,,,,,,,,,,,,,,,,,,,,,,,,,,,,,,,,,,,,,,,,,,,,,,,,,,,,,,,,,,,,,,,,,,,,,,,,,,,,,,,,,,,,,,,,,,
12MFibSBFRiser7,"Sumitomo FuterFlex 62.5 micron Multimode, 12 fibers, with Indoor/Riser rated tube bundle (02, 03, 07, 0r 19 inner tubes)",1.3,"Fiber Optic Cable for Data Comm, Spec. 16129",NA,NA,PVC,Tray or Conduit,100,Sumitomo FB12M6 (Fiber) & TCxxTRX (Tube Bundle)  (where xx = the number of tubes in the bundle), ,Sumitomo-12MFibSBFRiser.pdf,,,,,,,,,,,,,,,,,,,,,,,,,,,,,,,,,,,,,,,,,,,,,,,,,,,,,,,,,,,,,,,,,,,,,,,,,,,,,,,,,,,,,,,,,,,,,,,,,,,,,,,,,,,,,,,,,,,,,,,,,,,,,,,,,,,,,,,,,,,,,,,,,,,,,,,,,,,,,,,,,,,,,,,,,,,,,,,,,,,,,,,,,,,,,,,,,,,,,,,,,,,,,,,,,,,,,,,,,,,,,,,,,,,,,,,,,,,,,,
12MFibSBFRiser19,"Sumitomo FuterFlex 62.5 micron Multimode, 12 fibers, with Indoor/Riser rated tube bundle (02, 03, 07, 0r 19 inner tubes)",1.9,"Fiber Optic Cable for Data Comm, Spec. 16129",NA,NA,PVC,Tray or Conduit,100,Sumitomo FB12M6 (Fiber) & TCxxTRX (Tube Bundle)  (where xx = the number of tubes in the bundle), ,Sumitomo-12MFibSBFRiser.pdf,,,,,,,,,,,,,,,,,,,,,,,,,,,,,,,,,,,,,,,,,,,,,,,,,,,,,,,,,,,,,,,,,,,,,,,,,,,,,,,,,,,,,,,,,,,,,,,,,,,,,,,,,,,,,,,,,,,,,,,,,,,,,,,,,,,,,,,,,,,,,,,,,,,,,,,,,,,,,,,,,,,,,,,,,,,,,,,,,,,,,,,,,,,,,,,,,,,,,,,,,,,,,,,,,,,,,,,,,,,,,,,,,,,,,,,,,,,,,,
12P16ISOSTC3V,"12 Twisted Pair, 16 AWG, individual shield / overall shield ",0.816,Signal,300,PVC,PVC,Tray or Conduit,100,Belden 1495A, ,Belden1495A.pdf,,,,,,,,,,,,,,,,,,,,,,,,,,,,,,,,,,,,,,,,,,,,,,,,,,,,,,,,,,,,,,,,,,,,,,,,,,,,,,,,,,,,,,,,,,,,,,,,,,,,,,,,,,,,,,,,,,,,,,,,,,,,,,,,,,,,,,,,,,,,,,,,,,,,,,,,,,,,,,,,,,,,,,,,,,,,,,,,,,,,,,,,,,,,,,,,,,,,,,,,,,,,,,,,,,,,,,,,,,,,,,,,,,,,,,,,,,,,,,
12P20OIS3V,"12 Pair, 20 AWG, overall shield, individual shield, tray rated",0.637,"Controls, Analog Cable",300,PVC,PVC,Tray or Conduit,100,Belden 1078A, ,Belden1078A.pdf,,,,,,,,,,,,,,,,,,,,,,,,,,,,,,,,,,,,,,,,,,,,,,,,,,,,,,,,,,,,,,,,,,,,,,,,,,,,,,,,,,,,,,,,,,,,,,,,,,,,,,,,,,,,,,,,,,,,,,,,,,,,,,,,,,,,,,,,,,,,,,,,,,,,,,,,,,,,,,,,,,,,,,,,,,,,,,,,,,,,,,,,,,,,,,,,,,,,,,,,,,,,,,,,,,,,,,,,,,,,,,,,,,,,,,,,,,,,,,
12P22OISTC3V,"12 Pair, 22 AWG, overall shield/individual shield, tray rated",0.57,Control Cable Analog ,300,PVC,PVC,Tray or Conduit,100,Belden 3009A, ,Belden3009A.pdf,,,,,,,,,,,,,,,,,,,,,,,,,,,,,,,,,,,,,,,,,,,,,,,,,,,,,,,,,,,,,,,,,,,,,,,,,,,,,,,,,,,,,,,,,,,,,,,,,,,,,,,,,,,,,,,,,,,,,,,,,,,,,,,,,,,,,,,,,,,,,,,,,,,,,,,,,,,,,,,,,,,,,,,,,,,,,,,,,,,,,,,,,,,,,,,,,,,,,,,,,,,,,,,,,,,,,,,,,,,,,,,,,,,,,,,,,,,,,,
12PR16IOSTC6V,"12 pairs, 16 AWG, FREP instrumentation cable, Individual and Overall shield, EPR, CPE, 600 Volts, UL Type TC, 90 C wet or dry",1.065,Instrumentation Cable,600,EPR (Flame retardant Ethylene Propylene Rubber Type II,CPE (Flame retardant thermoplastic Chlorinated Polyethylene,Tray or conduit,Core insulation 100 Mrad; Jacket 20 Mrad,General Cable 279760,This is likely the same cable as BICC T-87810(12PR/16),General279760.pdf,,,,,,,,,,,,,,,,,,,,,,,,,,,,,,,,,,,,,,,,,,,,,,,,,,,,,,,,,,,,,,,,,,,,,,,,,,,,,,,,,,,,,,,,,,,,,,,,,,,,,,,,,,,,,,,,,,,,,,,,,,,,,,,,,,,,,,,,,,,,,,,,,,,,,,,,,,,,,,,,,,,,,,,,,,,,,,,,,,,,,,,,,,,,,,,,,,,,,,,,,,,,,,,,,,,,,,,,,,,,,,,,,,,,,,,,,,,,,,
12PR18IOSTC6V,"12 pair, 18 AWG, FREP instrumentation cable,  Individual and Overall shield, EPR, CPE, 600 Volts, UL Type TC, 90 C wet or dry",0.948,Instrumentation Cable,600,EPR (Flame retardant Ethylene Propylene Rubber Type II,CPE (Flame retardant thermoplastic Chlorinated Polyethylene,Tray or conduit,Core insulation 100 Mrad; Jacket 20 Mrad,General Cable 279730, This is likely the same cable as BICC T-87810(12PR/18),General279730.pdf,,,,,,,,,,,,,,,,,,,,,,,,,,,,,,,,,,,,,,,,,,,,,,,,,,,,,,,,,,,,,,,,,,,,,,,,,,,,,,,,,,,,,,,,,,,,,,,,,,,,,,,,,,,,,,,,,,,,,,,,,,,,,,,,,,,,,,,,,,,,,,,,,,,,,,,,,,,,,,,,,,,,,,,,,,,,,,,,,,,,,,,,,,,,,,,,,,,,,,,,,,,,,,,,,,,,,,,,,,,,,,,,,,,,,,,,,,,,,,
12PR20THCPTC3V,"12 Pair, 20 AWG, Thermocouple Type K, individual Pair and overall shield, tray rated",0.598,Cryogenics systems,NA,PVC,PVC,Tray or Conduit,100,Belden 1014A, ,Belden1014A.pdf,,,,,,,,,,,,,,,,,,,,,,,,,,,,,,,,,,,,,,,,,,,,,,,,,,,,,,,,,,,,,,,,,,,,,,,,,,,,,,,,,,,,,,,,,,,,,,,,,,,,,,,,,,,,,,,,,,,,,,,,,,,,,,,,,,,,,,,,,,,,,,,,,,,,,,,,,,,,,,,,,,,,,,,,,,,,,,,,,,,,,,,,,,,,,,,,,,,,,,,,,,,,,,,,,,,,,,,,,,,,,,,,,,,,,,,,,,,,,,
12PR24iSoSTC3V,"12 Pair, 24 AWG, stranded, tinned copper Conductors,  Individually shielded and jacketed Pairs, Overall shield, overall PVC jacket with ripcord.  Analog Multi-Pair Snake Cables",0.561,Cryo Module Instrumentation,300,Polyolefin,PVC,Tray or Conduit,100,Belden 1513C, ,Belden1513C.pdf,,,,,,,,,,,,,,,,,,,,,,,,,,,,,,,,,,,,,,,,,,,,,,,,,,,,,,,,,,,,,,,,,,,,,,,,,,,,,,,,,,,,,,,,,,,,,,,,,,,,,,,,,,,,,,,,,,,,,,,,,,,,,,,,,,,,,,,,,,,,,,,,,,,,,,,,,,,,,,,,,,,,,,,,,,,,,,,,,,,,,,,,,,,,,,,,,,,,,,,,,,,,,,,,,,,,,,,,,,,,,,,,,,,,,,,,,,,,,,
12SFibSBFOutdoor2,"Sumitomo FuterFlex 8.3 micron Single Mode, 12 fibers, with Outdoor/All Dielectric tube bundle   (2 inner tubes)",0.9,"Fiber Optic Cable for Data Comm, Spec. 16129",NA,NA,PE,Conduit Only,100,"Sumitomo FB12SX (fiber) & TCxxTOX (tube bundle) (for 02, 07, or 19 tubes) or TCxxTOD (for 04 tubes) Where xx = the # of tubes.", ,Sumitomo-12SFibSBFOutdoor.pdf,,,,,,,,,,,,,,,,,,,,,,,,,,,,,,,,,,,,,,,,,,,,,,,,,,,,,,,,,,,,,,,,,,,,,,,,,,,,,,,,,,,,,,,,,,,,,,,,,,,,,,,,,,,,,,,,,,,,,,,,,,,,,,,,,,,,,,,,,,,,,,,,,,,,,,,,,,,,,,,,,,,,,,,,,,,,,,,,,,,,,,,,,,,,,,,,,,,,,,,,,,,,,,,,,,,,,,,,,,,,,,,,,,,,,,,,,,,,,,
12SFibSBFOutdoor4,"Sumitomo FuterFlex 8.3 micron Single Mode, 12 fibers, with Outdoor/All Dielectric tube bundle   (4 inner tubes)",0.9,"Fiber Optic Cable for Data Comm, Spec. 16129",NA,NA,PE,Conduit Only,100,"Sumitomo FB12SX (fiber) & TCxxTOX (tube bundle) (for 02, 07, or 19 tubes) or TCxxTOD (for 04 tubes) Where xx = the # of tubes.", ,Sumitomo-12SFibSBFOutdoor.pdf,,,,,,,,,,,,,,,,,,,,,,,,,,,,,,,,,,,,,,,,,,,,,,,,,,,,,,,,,,,,,,,,,,,,,,,,,,,,,,,,,,,,,,,,,,,,,,,,,,,,,,,,,,,,,,,,,,,,,,,,,,,,,,,,,,,,,,,,,,,,,,,,,,,,,,,,,,,,,,,,,,,,,,,,,,,,,,,,,,,,,,,,,,,,,,,,,,,,,,,,,,,,,,,,,,,,,,,,,,,,,,,,,,,,,,,,,,,,,,
12SFibSBFOutdoor7,"Sumitomo FuterFlex 8.3 micron Single Mode, 12 fibers, with Outdoor/All Dielectric tube bundle   (7 inner tubes)",1.1,"Fiber Optic Cable for Data Comm, Spec. 16129",NA,NA,PE,Conduit Only,100,"Sumitomo FB12SX (fiber) & TCxxTOX (tube bundle) (for 02, 07, or 19 tubes) or TCxxTOD (for 04 tubes) Where xx = the # of tubes.", ,Sumitomo-12SFibSBFOutdoor.pdf,,,,,,,,,,,,,,,,,,,,,,,,,,,,,,,,,,,,,,,,,,,,,,,,,,,,,,,,,,,,,,,,,,,,,,,,,,,,,,,,,,,,,,,,,,,,,,,,,,,,,,,,,,,,,,,,,,,,,,,,,,,,,,,,,,,,,,,,,,,,,,,,,,,,,,,,,,,,,,,,,,,,,,,,,,,,,,,,,,,,,,,,,,,,,,,,,,,,,,,,,,,,,,,,,,,,,,,,,,,,,,,,,,,,,,,,,,,,,,
12SFibSBFOutdoor19,"Sumitomo FuterFlex 8.3 micron Single Mode, 12 fibers, with Outdoor/All Dielectric tube bundle   (19 inner tubes)",1.7,"Fiber Optic Cable for Data Comm, Spec. 16129",NA,NA,PE,Conduit Only,100,"Sumitomo FB12SX (fiber) & TCxxTOX (tube bundle) (for 02, 07, or 19 tubes) or TCxxTOD (for 04 tubes) Where xx = the # of tubes.", ,Sumitomo-12SFibSBFOutdoor.pdf,,,,,,,,,,,,,,,,,,,,,,,,,,,,,,,,,,,,,,,,,,,,,,,,,,,,,,,,,,,,,,,,,,,,,,,,,,,,,,,,,,,,,,,,,,,,,,,,,,,,,,,,,,,,,,,,,,,,,,,,,,,,,,,,,,,,,,,,,,,,,,,,,,,,,,,,,,,,,,,,,,,,,,,,,,,,,,,,,,,,,,,,,,,,,,,,,,,,,,,,,,,,,,,,,,,,,,,,,,,,,,,,,,,,,,,,,,,,,,
12SFibSBFRiser2,"Sumitomo FuterFlex 8.3 micron Single Mode, 12 fibers, with Indoor/Riser rated tube bundle (2 inner tubes)",1,"Fiber Optic Cable for Data Comm, Spec. 16129",NA,NA,PVC,Tray or Conduit,100,Sumitomo FB12SX (Fiber) & TCxxTRX (Tube Bundle)  (where xx = the number of tubes in the bundle), ,Sumitomo-12SFibSBFRiser.pdf,,,,,,,,,,,,,,,,,,,,,,,,,,,,,,,,,,,,,,,,,,,,,,,,,,,,,,,,,,,,,,,,,,,,,,,,,,,,,,,,,,,,,,,,,,,,,,,,,,,,,,,,,,,,,,,,,,,,,,,,,,,,,,,,,,,,,,,,,,,,,,,,,,,,,,,,,,,,,,,,,,,,,,,,,,,,,,,,,,,,,,,,,,,,,,,,,,,,,,,,,,,,,,,,,,,,,,,,,,,,,,,,,,,,,,,,,,,,,,
12SFibSBFRiser3,"Sumitomo FuterFlex 8.3 micron Single Mode, 12 fibers, with Indoor/Riser rated tube bundle (3 inner tubes)",1,"Fiber Optic Cable for Data Comm, Spec. 16129",NA,NA,PVC,Tray or Conduit,100,Sumitomo FB12SX (Fiber) & TCxxTRX (Tube Bundle)  (where xx = the number of tubes in the bundle), ,Sumitomo-12SFibSBFRiser.pdf,,,,,,,,,,,,,,,,,,,,,,,,,,,,,,,,,,,,,,,,,,,,,,,,,,,,,,,,,,,,,,,,,,,,,,,,,,,,,,,,,,,,,,,,,,,,,,,,,,,,,,,,,,,,,,,,,,,,,,,,,,,,,,,,,,,,,,,,,,,,,,,,,,,,,,,,,,,,,,,,,,,,,,,,,,,,,,,,,,,,,,,,,,,,,,,,,,,,,,,,,,,,,,,,,,,,,,,,,,,,,,,,,,,,,,,,,,,,,,
12SFibSBFRiser7,"Sumitomo FuterFlex 8.3 micron Single Mode, 12 fibers, with Indoor/Riser rated tube bundle (7 inner tubes)",1.3,"Fiber Optic Cable for Data Comm, Spec. 16129",NA,NA,PVC,Tray or Conduit,100,Sumitomo FB12SX (Fiber) & TCxxTRX (Tube Bundle)  (where xx = the number of tubes in the bundle), ,Sumitomo-12SFibSBFRiser.pdf,,,,,,,,,,,,,,,,,,,,,,,,,,,,,,,,,,,,,,,,,,,,,,,,,,,,,,,,,,,,,,,,,,,,,,,,,,,,,,,,,,,,,,,,,,,,,,,,,,,,,,,,,,,,,,,,,,,,,,,,,,,,,,,,,,,,,,,,,,,,,,,,,,,,,,,,,,,,,,,,,,,,,,,,,,,,,,,,,,,,,,,,,,,,,,,,,,,,,,,,,,,,,,,,,,,,,,,,,,,,,,,,,,,,,,,,,,,,,,
12SFibSBFRiser19,"Sumitomo FuterFlex 8.3 micron Single Mode, 12 fibers, with Indoor/Riser rated tube bundle (19 inner tubes)",1.9,"Fiber Optic Cable for Data Comm, Spec. 16129",NA,NA,PVC,Tray or Conduit,100,Sumitomo FB12SX (Fiber) & TCxxTRX (Tube Bundle)  (where xx = the number of tubes in the bundle), ,Sumitomo-12SFibSBFRiser.pdf,,,,,,,,,,,,,,,,,,,,,,,,,,,,,,,,,,,,,,,,,,,,,,,,,,,,,,,,,,,,,,,,,,,,,,,,,,,,,,,,,,,,,,,,,,,,,,,,,,,,,,,,,,,,,,,,,,,,,,,,,,,,,,,,,,,,,,,,,,,,,,,,,,,,,,,,,,,,,,,,,,,,,,,,,,,,,,,,,,,,,,,,,,,,,,,,,,,,,,,,,,,,,,,,,,,,,,,,,,,,,,,,,,,,,,,,,,,,,,
12SyMFibRRTBTC2,"12 Fiber, Premise, Distribution, 62.5/125?m FDDI Grade, multimode Single Unit, riser-rated, fiber optic cable",0.24,Indoor fiber optic cable for data communications (e.g. gigabit ethernet for ICS network communications),N/A,N/A,PVC,"Riser, 
Tray or Conduit",100,CommScope R-012-DS-6F-FSUcc, ,CommScope-R-012-DS-6F-FSUcc.pdf,,,,,,,,,,,,,,,,,,,,,,,,,,,,,,,,,,,,,,,,,,,,,,,,,,,,,,,,,,,,,,,,,,,,,,,,,,,,,,,,,,,,,,,,,,,,,,,,,,,,,,,,,,,,,,,,,,,,,,,,,,,,,,,,,,,,,,,,,,,,,,,,,,,,,,,,,,,,,,,,,,,,,,,,,,,,,,,,,,,,,,,,,,,,,,,,,,,,,,,,,,,,,,,,,,,,,,,,,,,,,,,,,,,,,,,,,,,,,,
14C18OS6VTC,"14 Conductor, 18 AWG, Type XLPTC Control Cable, Stranded Copper Conductors, Shielded XLP Insulation, PVC Jacket, Type TC",0.6,turbo pump cable for the insulating vacuum system,600,XLP,PVC,Tray or Conduit,100,Basic Cable 6-2414-18, ,Basic_6-2414-18.pdf,,,,,,,,,,,,,,,,,,,,,,,,,,,,,,,,,,,,,,,,,,,,,,,,,,,,,,,,,,,,,,,,,,,,,,,,,,,,,,,,,,,,,,,,,,,,,,,,,,,,,,,,,,,,,,,,,,,,,,,,,,,,,,,,,,,,,,,,,,,,,,,,,,,,,,,,,,,,,,,,,,,,,,,,,,,,,,,,,,,,,,,,,,,,,,,,,,,,,,,,,,,,,,,,,,,,,,,,,,,,,,,,,,,,,,,,,,,,,,
15C22OS3VTC,"15 Conductor, 22 AWG, Stranded,   overall shield. ",0.34,Hot Spare (Ion Source) Data Cable,300,Semi-Rigid PVC,PVC,Tray or Conduit,100,Belden 9947, ,Belden9947.pdf,,,,,,,,,,,,,,,,,,,,,,,,,,,,,,,,,,,,,,,,,,,,,,,,,,,,,,,,,,,,,,,,,,,,,,,,,,,,,,,,,,,,,,,,,,,,,,,,,,,,,,,,,,,,,,,,,,,,,,,,,,,,,,,,,,,,,,,,,,,,,,,,,,,,,,,,,,,,,,,,,,,,,,,,,,,,,,,,,,,,,,,,,,,,,,,,,,,,,,,,,,,,,,,,,,,,,,,,,,,,,,,,,,,,,,,,,,,,,,
15C24OSRS232,"15 Conductor, 24 AWG, Stranded Copper, Overall shield, RS 232 Cable",0.28,Buss Bank Ross Relay Status,Comm,PVC,PVC,Tray or Conduit,100,Quabbin 8205, ,Quabbin-8205.pdf,,,,,,,,,,,,,,,,,,,,,,,,,,,,,,,,,,,,,,,,,,,,,,,,,,,,,,,,,,,,,,,,,,,,,,,,,,,,,,,,,,,,,,,,,,,,,,,,,,,,,,,,,,,,,,,,,,,,,,,,,,,,,,,,,,,,,,,,,,,,,,,,,,,,,,,,,,,,,,,,,,,,,,,,,,,,,,,,,,,,,,,,,,,,,,,,,,,,,,,,,,,,,,,,,,,,,,,,,,,,,,,,,,,,,,,,,,,,,,
16P16IOISTC3V,"16 Pair, 16 AWG,overall shield/individual shield, tray rated",0.936,Control Cable Analog ,300,PVC,PVC,Tray or Conduit,100,Belden 3051A, ,Belden3051A.pdf,,,,,,,,,,,,,,,,,,,,,,,,,,,,,,,,,,,,,,,,,,,,,,,,,,,,,,,,,,,,,,,,,,,,,,,,,,,,,,,,,,,,,,,,,,,,,,,,,,,,,,,,,,,,,,,,,,,,,,,,,,,,,,,,,,,,,,,,,,,,,,,,,,,,,,,,,,,,,,,,,,,,,,,,,,,,,,,,,,,,,,,,,,,,,,,,,,,,,,,,,,,,,,,,,,,,,,,,,,,,,,,,,,,,,,,,,,,,,,
16P22OISTC3V,"16 Pair, 22 AWG, overall shield, tray rated",0.674,Control Cable Analog ,300,PVC,PVC,Tray or Conduit,100,Belden 3011A, ,Belden3011A.pdf,,,,,,,,,,,,,,,,,,,,,,,,,,,,,,,,,,,,,,,,,,,,,,,,,,,,,,,,,,,,,,,,,,,,,,,,,,,,,,,,,,,,,,,,,,,,,,,,,,,,,,,,,,,,,,,,,,,,,,,,,,,,,,,,,,,,,,,,,,,,,,,,,,,,,,,,,,,,,,,,,,,,,,,,,,,,,,,,,,,,,,,,,,,,,,,,,,,,,,,,,,,,,,,,,,,,,,,,,,,,,,,,,,,,,,,,,,,,,,
16PR18IOSTC6V,"16 pair, 18 AWG, FREP instrumentation cable,  Individual and Overall shield, EPR, CPE, 600 Volts, UL Type TC, 90 C wet or dry",1.05,Instrumentation Cable,600,EPR (Flame retardant Ethylene Propylene Rubber Type II,CPE (Flame retardant thermoplastic Chlorinated Polyethylene,Tray or conduit,Core insulation 100 Mrad; Jacket 20 Mrad,General Cable 279740,or Belden 1512C,General279740.pdf,,,,,,,,,,,,,,,,,,,,,,,,,,,,,,,,,,,,,,,,,,,,,,,,,,,,,,,,,,,,,,,,,,,,,,,,,,,,,,,,,,,,,,,,,,,,,,,,,,,,,,,,,,,,,,,,,,,,,,,,,,,,,,,,,,,,,,,,,,,,,,,,,,,,,,,,,,,,,,,,,,,,,,,,,,,,,,,,,,,,,,,,,,,,,,,,,,,,,,,,,,,,,,,,,,,,,,,,,,,,,,,,,,,,,,,,,,,,,,
16PR18TC6V,"16 Pair, 18 AWG, shielded, Tray rated",0.949,"Control cable, analog input ",600,"XHHW, EPR",CPE Low Smoke,Tray or Conduit,100,BICC Cables FREP-XL-S600TC-18-16PS with K-2 color code,,BICC-FREP-XL-S600TC-18-16PS-K2.pdf,,,,,,,,,,,,,,,,,,,,,,,,,,,,,,,,,,,,,,,,,,,,,,,,,,,,,,,,,,,,,,,,,,,,,,,,,,,,,,,,,,,,,,,,,,,,,,,,,,,,,,,,,,,,,,,,,,,,,,,,,,,,,,,,,,,,,,,,,,,,,,,,,,,,,,,,,,,,,,,,,,,,,,,,,,,,,,,,,,,,,,,,,,,,,,,,,,,,,,,,,,,,,,,,,,,,,,,,,,,,,,,,,,,,,,,,,,,,,,
16PR20THCPTC3V,"16 Pair, 20 AWG, Thermocouple Type K, individual Pair and overall shield, tray rated",0.683,Cryogenics systems,NA,PVC,PVC,Tray or Conduit,100,Belden 1015A, ,Belden1015A.pdf,,,,,,,,,,,,,,,,,,,,,,,,,,,,,,,,,,,,,,,,,,,,,,,,,,,,,,,,,,,,,,,,,,,,,,,,,,,,,,,,,,,,,,,,,,,,,,,,,,,,,,,,,,,,,,,,,,,,,,,,,,,,,,,,,,,,,,,,,,,,,,,,,,,,,,,,,,,,,,,,,,,,,,,,,,,,,,,,,,,,,,,,,,,,,,,,,,,,,,,,,,,,,,,,,,,,,,,,,,,,,,,,,,,,,,,,,,,,,,
16PR20WCTC3V,"16 Pairs, 20 AWG, Individual/Overall Shielding, Plus One 22 AWG Communication Wire",0.704,"controls, beam diagnostic",300,PVC,PVC,Tray or Conduit,100,Belden 1079A, ,Belden1079A.pdf,,,,,,,,,,,,,,,,,,,,,,,,,,,,,,,,,,,,,,,,,,,,,,,,,,,,,,,,,,,,,,,,,,,,,,,,,,,,,,,,,,,,,,,,,,,,,,,,,,,,,,,,,,,,,,,,,,,,,,,,,,,,,,,,,,,,,,,,,,,,,,,,,,,,,,,,,,,,,,,,,,,,,,,,,,,,,,,,,,,,,,,,,,,,,,,,,,,,,,,,,,,,,,,,,,,,,,,,,,,,,,,,,,,,,,,,,,,,,,
18MFibSBFOutdoor2,"Sumitomo FuterFlex 62.5 micron Multimode, 18 fibers, with Outdoor/All Dielectric tube bundle  (2 inner tubes)",0.9,"Fiber Optic Cable for Data Comm, Spec. 16129",NA,NA,PE,Conduit Only,100,"Sumitomo FB18M6 (fiber) & TCxxTOX (tube bundle) (for 02, 07, or 19 tubes) or TCxxTOD (for 04 tubes) Where xx = the # of tubes.", ,Sumitomo-18MFibSBFOutdoor.pdf,,,,,,,,,,,,,,,,,,,,,,,,,,,,,,,,,,,,,,,,,,,,,,,,,,,,,,,,,,,,,,,,,,,,,,,,,,,,,,,,,,,,,,,,,,,,,,,,,,,,,,,,,,,,,,,,,,,,,,,,,,,,,,,,,,,,,,,,,,,,,,,,,,,,,,,,,,,,,,,,,,,,,,,,,,,,,,,,,,,,,,,,,,,,,,,,,,,,,,,,,,,,,,,,,,,,,,,,,,,,,,,,,,,,,,,,,,,,,,
18MFibSBFOutdoor4,"Sumitomo FuterFlex 62.5 micron Multimode, 18 fibers, with Outdoor/All Dielectric tube bundle  (4 inner tubes)",0.9,"Fiber Optic Cable for Data Comm, Spec. 16129",NA,NA,PE,Conduit Only,100,"Sumitomo FB18M6 (fiber) & TCxxTOX (tube bundle) (for 02, 07, or 19 tubes) or TCxxTOD (for 04 tubes) Where xx = the # of tubes.", ,Sumitomo-18MFibSBFOutdoor.pdf,,,,,,,,,,,,,,,,,,,,,,,,,,,,,,,,,,,,,,,,,,,,,,,,,,,,,,,,,,,,,,,,,,,,,,,,,,,,,,,,,,,,,,,,,,,,,,,,,,,,,,,,,,,,,,,,,,,,,,,,,,,,,,,,,,,,,,,,,,,,,,,,,,,,,,,,,,,,,,,,,,,,,,,,,,,,,,,,,,,,,,,,,,,,,,,,,,,,,,,,,,,,,,,,,,,,,,,,,,,,,,,,,,,,,,,,,,,,,,
18MFibSBFOutdoor7,"Sumitomo FuterFlex 62.5 micron Multimode, 18 fibers, with Outdoor/All Dielectric tube bundle  (7 inner tubes)",1.1,"Fiber Optic Cable for Data Comm, Spec. 16129",NA,NA,PE,Conduit Only,100,"Sumitomo FB18M6 (fiber) & TCxxTOX (tube bundle) (for 02, 07, or 19 tubes) or TCxxTOD (for 04 tubes) Where xx = the # of tubes.", ,Sumitomo-18MFibSBFOutdoor.pdf,,,,,,,,,,,,,,,,,,,,,,,,,,,,,,,,,,,,,,,,,,,,,,,,,,,,,,,,,,,,,,,,,,,,,,,,,,,,,,,,,,,,,,,,,,,,,,,,,,,,,,,,,,,,,,,,,,,,,,,,,,,,,,,,,,,,,,,,,,,,,,,,,,,,,,,,,,,,,,,,,,,,,,,,,,,,,,,,,,,,,,,,,,,,,,,,,,,,,,,,,,,,,,,,,,,,,,,,,,,,,,,,,,,,,,,,,,,,,,
18MFibSBFOutdoor19,"Sumitomo FuterFlex 62.5 micron Multimode, 18 fibers, with Outdoor/All Dielectric tube bundle  (19 inner tubes)",1.7,"Fiber Optic Cable for Data Comm, Spec. 16129",NA,NA,PE,Conduit Only,100,"Sumitomo FB18M6 (fiber) & TCxxTOX (tube bundle) (for 02, 07, or 19 tubes) or TCxxTOD (for 04 tubes) Where xx = the # of tubes.", ,Sumitomo-18MFibSBFOutdoor.pdf,,,,,,,,,,,,,,,,,,,,,,,,,,,,,,,,,,,,,,,,,,,,,,,,,,,,,,,,,,,,,,,,,,,,,,,,,,,,,,,,,,,,,,,,,,,,,,,,,,,,,,,,,,,,,,,,,,,,,,,,,,,,,,,,,,,,,,,,,,,,,,,,,,,,,,,,,,,,,,,,,,,,,,,,,,,,,,,,,,,,,,,,,,,,,,,,,,,,,,,,,,,,,,,,,,,,,,,,,,,,,,,,,,,,,,,,,,,,,,
18MFibSBFRiser2,"Sumitomo FuterFlex 62.5 micron Multimode, 18 fibers, with Indoor/Riser rated tube bundle (2 inner tubes)",1,"Fiber Optic Cable for Data Comm, Spec. 16129",NA,NA,PVC,Tray or Conduit,100,Sumitomo FB18M6 (Fiber) & TCxxTRX   (Tube Bundle)  (where xx = the number of tubes in the bundle), ,Sumitomo-18MFibSBFRiser.pdf,,,,,,,,,,,,,,,,,,,,,,,,,,,,,,,,,,,,,,,,,,,,,,,,,,,,,,,,,,,,,,,,,,,,,,,,,,,,,,,,,,,,,,,,,,,,,,,,,,,,,,,,,,,,,,,,,,,,,,,,,,,,,,,,,,,,,,,,,,,,,,,,,,,,,,,,,,,,,,,,,,,,,,,,,,,,,,,,,,,,,,,,,,,,,,,,,,,,,,,,,,,,,,,,,,,,,,,,,,,,,,,,,,,,,,,,,,,,,,
18MFibSBFRiser3,"Sumitomo FuterFlex 62.5 micron Multimode, 18 fibers, with Indoor/Riser rated tube bundle (3 inner tubes)",1,"Fiber Optic Cable for Data Comm, Spec. 16129",NA,NA,PVC,Tray or Conduit,100,Sumitomo FB18M6 (Fiber) & TCxxTRX   (Tube Bundle)  (where xx = the number of tubes in the bundle), ,Sumitomo-18MFibSBFRiser.pdf,,,,,,,,,,,,,,,,,,,,,,,,,,,,,,,,,,,,,,,,,,,,,,,,,,,,,,,,,,,,,,,,,,,,,,,,,,,,,,,,,,,,,,,,,,,,,,,,,,,,,,,,,,,,,,,,,,,,,,,,,,,,,,,,,,,,,,,,,,,,,,,,,,,,,,,,,,,,,,,,,,,,,,,,,,,,,,,,,,,,,,,,,,,,,,,,,,,,,,,,,,,,,,,,,,,,,,,,,,,,,,,,,,,,,,,,,,,,,,
18MFibSBFRiser7,"Sumitomo FuterFlex 62.5 micron Multimode, 18 fibers, with Indoor/Riser rated tube bundle (7 inner tubes)",1.3,"Fiber Optic Cable for Data Comm, Spec. 16129",NA,NA,PVC,Tray or Conduit,100,Sumitomo FB18M6 (Fiber) & TCxxTRX   (Tube Bundle)  (where xx = the number of tubes in the bundle), ,Sumitomo-18MFibSBFRiser.pdf,,,,,,,,,,,,,,,,,,,,,,,,,,,,,,,,,,,,,,,,,,,,,,,,,,,,,,,,,,,,,,,,,,,,,,,,,,,,,,,,,,,,,,,,,,,,,,,,,,,,,,,,,,,,,,,,,,,,,,,,,,,,,,,,,,,,,,,,,,,,,,,,,,,,,,,,,,,,,,,,,,,,,,,,,,,,,,,,,,,,,,,,,,,,,,,,,,,,,,,,,,,,,,,,,,,,,,,,,,,,,,,,,,,,,,,,,,,,,,
18MFibSBFRiser19,"Sumitomo FuterFlex 62.5 micron Multimode, 18 fibers, with Indoor/Riser rated tube bundle (19 inner tubes)",1.9,"Fiber Optic Cable for Data Comm, Spec. 16129",NA,NA,PVC,Tray or Conduit,100,Sumitomo FB18M6 (Fiber) & TCxxTRX   (Tube Bundle)  (where xx = the number of tubes in the bundle), ,Sumitomo-18MFibSBFRiser.pdf,,,,,,,,,,,,,,,,,,,,,,,,,,,,,,,,,,,,,,,,,,,,,,,,,,,,,,,,,,,,,,,,,,,,,,,,,,,,,,,,,,,,,,,,,,,,,,,,,,,,,,,,,,,,,,,,,,,,,,,,,,,,,,,,,,,,,,,,,,,,,,,,,,,,,,,,,,,,,,,,,,,,,,,,,,,,,,,,,,,,,,,,,,,,,,,,,,,,,,,,,,,,,,,,,,,,,,,,,,,,,,,,,,,,,,,,,,,,,,
18SFibSBFOutdoor2,"Sumitomo FuterFlex 8.3 micron Single Mode, 18 fibers, with Outdoor/All Dielectric tube bundle   (2 inner tubes)",0.9,"Fiber Optic Cable for Data Comm, Spec. 16129",NA,NA,PE,Conduit Only,100,"Sumitomo FB18SX (fiber) & TCxxTOX (tube bundle) (for 02, 07, or 19 tubes) or TCxxTOD (for 04 tubes) Where xx = the # of tubes.", ,Sumitomo-18SFibSBFOutdoor.pdf,,,,,,,,,,,,,,,,,,,,,,,,,,,,,,,,,,,,,,,,,,,,,,,,,,,,,,,,,,,,,,,,,,,,,,,,,,,,,,,,,,,,,,,,,,,,,,,,,,,,,,,,,,,,,,,,,,,,,,,,,,,,,,,,,,,,,,,,,,,,,,,,,,,,,,,,,,,,,,,,,,,,,,,,,,,,,,,,,,,,,,,,,,,,,,,,,,,,,,,,,,,,,,,,,,,,,,,,,,,,,,,,,,,,,,,,,,,,,,
18SFibSBFOutdoor4,"Sumitomo FuterFlex 8.3 micron Single Mode, 18 fibers, with Outdoor/All Dielectric tube bundle   (4 inner tubes)",0.9,"Fiber Optic Cable for Data Comm, Spec. 16129",NA,NA,PE,Conduit Only,100,"Sumitomo FB18SX (fiber) & TCxxTOX (tube bundle) (for 02, 07, or 19 tubes) or TCxxTOD (for 04 tubes) Where xx = the # of tubes.", ,Sumitomo-18SFibSBFOutdoor.pdf,,,,,,,,,,,,,,,,,,,,,,,,,,,,,,,,,,,,,,,,,,,,,,,,,,,,,,,,,,,,,,,,,,,,,,,,,,,,,,,,,,,,,,,,,,,,,,,,,,,,,,,,,,,,,,,,,,,,,,,,,,,,,,,,,,,,,,,,,,,,,,,,,,,,,,,,,,,,,,,,,,,,,,,,,,,,,,,,,,,,,,,,,,,,,,,,,,,,,,,,,,,,,,,,,,,,,,,,,,,,,,,,,,,,,,,,,,,,,,
18SFibSBFOutdoor7,"Sumitomo FuterFlex 8.3 micron Single Mode, 18 fibers, with Outdoor/All Dielectric tube bundle   (7 inner tubes)",1.1,"Fiber Optic Cable for Data Comm, Spec. 16129",NA,NA,PE,Conduit Only,100,"Sumitomo FB18SX (fiber) & TCxxTOX (tube bundle) (for 02, 07, or 19 tubes) or TCxxTOD (for 04 tubes) Where xx = the # of tubes.", ,Sumitomo-18SFibSBFOutdoor.pdf,,,,,,,,,,,,,,,,,,,,,,,,,,,,,,,,,,,,,,,,,,,,,,,,,,,,,,,,,,,,,,,,,,,,,,,,,,,,,,,,,,,,,,,,,,,,,,,,,,,,,,,,,,,,,,,,,,,,,,,,,,,,,,,,,,,,,,,,,,,,,,,,,,,,,,,,,,,,,,,,,,,,,,,,,,,,,,,,,,,,,,,,,,,,,,,,,,,,,,,,,,,,,,,,,,,,,,,,,,,,,,,,,,,,,,,,,,,,,,
18SFibSBFOutdoor19,"Sumitomo FuterFlex 8.3 micron Single Mode, 18 fibers, with Outdoor/All Dielectric tube bundle   (19 inner tubes)",1.7,"Fiber Optic Cable for Data Comm, Spec. 16129",NA,NA,PE,Conduit Only,100,"Sumitomo FB18SX (fiber) & TCxxTOX (tube bundle) (for 02, 07, or 19 tubes) or TCxxTOD (for 04 tubes) Where xx = the # of tubes.", ,Sumitomo-18SFibSBFOutdoor.pdf,,,,,,,,,,,,,,,,,,,,,,,,,,,,,,,,,,,,,,,,,,,,,,,,,,,,,,,,,,,,,,,,,,,,,,,,,,,,,,,,,,,,,,,,,,,,,,,,,,,,,,,,,,,,,,,,,,,,,,,,,,,,,,,,,,,,,,,,,,,,,,,,,,,,,,,,,,,,,,,,,,,,,,,,,,,,,,,,,,,,,,,,,,,,,,,,,,,,,,,,,,,,,,,,,,,,,,,,,,,,,,,,,,,,,,,,,,,,,,
18SFibSBFRiser2,"Sumitomo FuterFlex 8.3 micron Single Mode, 18 fibers, with Indoor/Riser rated tube bundle (2 inner tubes)",1,"Fiber Optic Cable for Data Comm, Spec. 16129",NA,NA,PVC,Tray or Conduit,100,Sumitomo FB18SX (Fiber) & TCxxTRX   (Tube Bundle)  (where xx = the number of tubes in the bundle), ,Sumitomo-18SFibSBFRiser.pdf,,,,,,,,,,,,,,,,,,,,,,,,,,,,,,,,,,,,,,,,,,,,,,,,,,,,,,,,,,,,,,,,,,,,,,,,,,,,,,,,,,,,,,,,,,,,,,,,,,,,,,,,,,,,,,,,,,,,,,,,,,,,,,,,,,,,,,,,,,,,,,,,,,,,,,,,,,,,,,,,,,,,,,,,,,,,,,,,,,,,,,,,,,,,,,,,,,,,,,,,,,,,,,,,,,,,,,,,,,,,,,,,,,,,,,,,,,,,,,
18SFibSBFRiser3,"Sumitomo FuterFlex 8.3 micron Single Mode, 18 fibers, with Indoor/Riser rated tube bundle (3 inner tubes)",1,"Fiber Optic Cable for Data Comm, Spec. 16129",NA,NA,PVC,Tray or Conduit,100,Sumitomo FB18SX (Fiber) & TCxxTRX   (Tube Bundle)  (where xx = the number of tubes in the bundle), ,Sumitomo-18SFibSBFRiser.pdf,,,,,,,,,,,,,,,,,,,,,,,,,,,,,,,,,,,,,,,,,,,,,,,,,,,,,,,,,,,,,,,,,,,,,,,,,,,,,,,,,,,,,,,,,,,,,,,,,,,,,,,,,,,,,,,,,,,,,,,,,,,,,,,,,,,,,,,,,,,,,,,,,,,,,,,,,,,,,,,,,,,,,,,,,,,,,,,,,,,,,,,,,,,,,,,,,,,,,,,,,,,,,,,,,,,,,,,,,,,,,,,,,,,,,,,,,,,,,,
18SFibSBFRiser7,"Sumitomo FuterFlex 8.3 micron Single Mode, 18 fibers, with Indoor/Riser rated tube bundle (7 inner tubes)",1.3,"Fiber Optic Cable for Data Comm, Spec. 16129",NA,NA,PVC,Tray or Conduit,100,Sumitomo FB18SX (Fiber) & TCxxTRX   (Tube Bundle)  (where xx = the number of tubes in the bundle), ,Sumitomo-18SFibSBFRiser.pdf,,,,,,,,,,,,,,,,,,,,,,,,,,,,,,,,,,,,,,,,,,,,,,,,,,,,,,,,,,,,,,,,,,,,,,,,,,,,,,,,,,,,,,,,,,,,,,,,,,,,,,,,,,,,,,,,,,,,,,,,,,,,,,,,,,,,,,,,,,,,,,,,,,,,,,,,,,,,,,,,,,,,,,,,,,,,,,,,,,,,,,,,,,,,,,,,,,,,,,,,,,,,,,,,,,,,,,,,,,,,,,,,,,,,,,,,,,,,,,
18SFibSBFRiser19,"Sumitomo FuterFlex 8.3 micron Single Mode, 18 fibers, with Indoor/Riser rated tube bundle (19 inner tubes)",1.9,"Fiber Optic Cable for Data Comm, Spec. 16129",NA,NA,PVC,Tray or Conduit,100,Sumitomo FB18SX (Fiber) & TCxxTRX   (Tube Bundle)  (where xx = the number of tubes in the bundle), ,Sumitomo-18SFibSBFRiser.pdf,,,,,,,,,,,,,,,,,,,,,,,,,,,,,,,,,,,,,,,,,,,,,,,,,,,,,,,,,,,,,,,,,,,,,,,,,,,,,,,,,,,,,,,,,,,,,,,,,,,,,,,,,,,,,,,,,,,,,,,,,,,,,,,,,,,,,,,,,,,,,,,,,,,,,,,,,,,,,,,,,,,,,,,,,,,,,,,,,,,,,,,,,,,,,,,,,,,,,,,,,,,,,,,,,,,,,,,,,,,,,,,,,,,,,,,,,,,,,,
19C12STC6V,"19 Conductors, 12 AWG, Stranded, tinned copper",0.939, ,600,EPR,XL-CPE,Tray or Conduit,100,BICC Cables FREP-XL-S600-TC-12-19, ,BICC-FREP-XL-S600-TC-12-19.pdf,,,,,,,,,,,,,,,,,,,,,,,,,,,,,,,,,,,,,,,,,,,,,,,,,,,,,,,,,,,,,,,,,,,,,,,,,,,,,,,,,,,,,,,,,,,,,,,,,,,,,,,,,,,,,,,,,,,,,,,,,,,,,,,,,,,,,,,,,,,,,,,,,,,,,,,,,,,,,,,,,,,,,,,,,,,,,,,,,,,,,,,,,,,,,,,,,,,,,,,,,,,,,,,,,,,,,,,,,,,,,,,,,,,,,,,,,,,,,,
19C16TC6VNR,"19 Conductor, 16 AWG, overall shield, tinned copper drain, tray rated",0.63,PPS non-rad cable,600,PVC/Nylon,PVC,Tray or Conduit,1,General Cable D1501619, HW1501619,General-D1501619.pdf,,,,,,,,,,,,,,,,,,,,,,,,,,,,,,,,,,,,,,,,,,,,,,,,,,,,,,,,,,,,,,,,,,,,,,,,,,,,,,,,,,,,,,,,,,,,,,,,,,,,,,,,,,,,,,,,,,,,,,,,,,,,,,,,,,,,,,,,,,,,,,,,,,,,,,,,,,,,,,,,,,,,,,,,,,,,,,,,,,,,,,,,,,,,,,,,,,,,,,,,,,,,,,,,,,,,,,,,,,,,,,,,,,,,,,,,,,,,,,
1C_HEL_AVA750,"Single Conductor, AVA750,
HELIAX? Andrew Virtual Air? Coaxial Cable, corrugated copper, 1-5/8 in, black nonhalogenated, fire retardant polyolefin jacket.",1.625,RF Signal Cabling  ,15K VDC,Foam PE,Non-Halogen Polyolefin,"Conduit, Tray",100,Andrew AVA7RK-50, ,AVA7RK-50 aspx.pdf,,,,,,,,,,,,,,,,,,,,,,,,,,,,,,,,,,,,,,,,,,,,,,,,,,,,,,,,,,,,,,,,,,,,,,,,,,,,,,,,,,,,,,,,,,,,,,,,,,,,,,,,,,,,,,,,,,,,,,,,,,,,,,,,,,,,,,,,,,,,,,,,,,,,,,,,,,,,,,,,,,,,,,,,,,,,,,,,,,,,,,,,,,,,,,,,,,,,,,,,,,,,,,,,,,,,,,,,,,,,,,,,,,,,,,,,,,,,,,
1C_RG-8,"Single conductor, stranded, Flexible, low loss communications coax, non-halogen (non-toxic), low smoke, fire retardant cable, UL/NEC & CSA rating of ?CMR? and ?FT4? respectively.",0.405, transmission line,2500 VDC,Foam PE,FRPE,Tray or Conduit,100,Times-Microwave LMR-400-FR, ,TM_LMR-400-FR.pdf,,,,,,,,,,,,,,,,,,,,,,,,,,,,,,,,,,,,,,,,,,,,,,,,,,,,,,,,,,,,,,,,,,,,,,,,,,,,,,,,,,,,,,,,,,,,,,,,,,,,,,,,,,,,,,,,,,,,,,,,,,,,,,,,,,,,,,,,,,,,,,,,,,,,,,,,,,,,,,,,,,,,,,,,,,,,,,,,,,,,,,,,,,,,,,,,,,,,,,,,,,,,,,,,,,,,,,,,,,,,,,,,,,,,,,,,,,,,,,
1C1/0TC6V,"Single Conductor, 1/0 AWG, Tray Cable",0.182,Power Distribution Feeder,600,"XHHW, CPE",None,Tray or Conduit,100,"Service Wire Co. XHHW-2, VW-1, 600 Volt Copper 1/0 AWG", ,ServiceWire-XHHW2_VW-1.pdf,,,,,,,,,,,,,,,,,,,,,,,,,,,,,,,,,,,,,,,,,,,,,,,,,,,,,,,,,,,,,,,,,,,,,,,,,,,,,,,,,,,,,,,,,,,,,,,,,,,,,,,,,,,,,,,,,,,,,,,,,,,,,,,,,,,,,,,,,,,,,,,,,,,,,,,,,,,,,,,,,,,,,,,,,,,,,,,,,,,,,,,,,,,,,,,,,,,,,,,,,,,,,,,,,,,,,,,,,,,,,,,,,,,,,,,,,,,,,,
1C10DEL,"1 Conductor 10 AWG, Locomotive cable",0.257,Flexible cabling for Magnet Power,2000,EPR,None,Conduit Only,300,Amercable 37119203,,Amercable_37119203.pdf,,,,,,,,,,,,,,,,,,,,,,,,,,,,,,,,,,,,,,,,,,,,,,,,,,,,,,,,,,,,,,,,,,,,,,,,,,,,,,,,,,,,,,,,,,,,,,,,,,,,,,,,,,,,,,,,,,,,,,,,,,,,,,,,,,,,,,,,,,,,,,,,,,,,,,,,,,,,,,,,,,,,,,,,,,,,,,,,,,,,,,,,,,,,,,,,,,,,,,,,,,,,,,,,,,,,,,,,,,,,,,,,,,,,,,,,,,,,,,
1C10SLW,"single Conductor, 10 AWG, High Voltage Silicone Lead Wire,stranded, tin coated copper wire, white",0.175,VAC RGA,5kVDC,Silicone rubber,N/A,Flexible Electrical Metallic Conduit,100,ROWE R800-0510-9, ,"Rowe-R800-0510-9.pdf
",,,,,,,,,,,,,,,,,,,,,,,,,,,,,,,,,,,,,,,,,,,,,,,,,,,,,,,,,,,,,,,,,,,,,,,,,,,,,,,,,,,,,,,,,,,,,,,,,,,,,,,,,,,,,,,,,,,,,,,,,,,,,,,,,,,,,,,,,,,,,,,,,,,,,,,,,,,,,,,,,,,,,,,,,,,,,,,,,,,,,,,,,,,,,,,,,,,,,,,,,,,,,,,,,,,,,,,,,,,,,,,,,,,,,,,,,,,,,,
1C13RG213,"RG-213, 1 Conductor, 13 AWG bare copper, Outer Conductor - 33 AWG bare copper with 95.3% coverage.",0.405, RF,3700 RMS,Solid PE,XLPE,Tray or Conduit,100,Times Microwave AA-7287, ,TimesMicrowave-AA-7287.pdf,,,,,,,,,,,,,,,,,,,,,,,,,,,,,,,,,,,,,,,,,,,,,,,,,,,,,,,,,,,,,,,,,,,,,,,,,,,,,,,,,,,,,,,,,,,,,,,,,,,,,,,,,,,,,,,,,,,,,,,,,,,,,,,,,,,,,,,,,,,,,,,,,,,,,,,,,,,,,,,,,,,,,,,,,,,,,,,,,,,,,,,,,,,,,,,,,,,,,,,,,,,,,,,,,,,,,,,,,,,,,,,,,,,,,,,,,,,,,,
1C13RG-214,"RG-214, 13 AWG",0.425,RHIC listing,Comm,Solid PE,Flame Retardant PVC,Tray or Conduit,100,CommScope 7714 Black, ,CommScope-7714.pdf,,,,,,,,,,,,,,,,,,,,,,,,,,,,,,,,,,,,,,,,,,,,,,,,,,,,,,,,,,,,,,,,,,,,,,,,,,,,,,,,,,,,,,,,,,,,,,,,,,,,,,,,,,,,,,,,,,,,,,,,,,,,,,,,,,,,,,,,,,,,,,,,,,,,,,,,,,,,,,,,,,,,,,,,,,,,,,,,,,,,,,,,,,,,,,,,,,,,,,,,,,,,,,,,,,,,,,,,,,,,,,,,,,,,,,,,,,,,,,
1C14HT6V,"Single Conductor, 14 AWG, Type TGGT, High Temp Power and Control Cable",0.14,High Current Wire for 4.5 K Cold Box,600,PTFE Teflon,Glass Braid Teflon,Conduit Only,0.1,Manhattan M70556,Not for Use in Tunnel ,ManhattanCable_M70556.pdf,,,,,,,,,,,,,,,,,,,,,,,,,,,,,,,,,,,,,,,,,,,,,,,,,,,,,,,,,,,,,,,,,,,,,,,,,,,,,,,,,,,,,,,,,,,,,,,,,,,,,,,,,,,,,,,,,,,,,,,,,,,,,,,,,,,,,,,,,,,,,,,,,,,,,,,,,,,,,,,,,,,,,,,,,,,,,,,,,,,,,,,,,,,,,,,,,,,,,,,,,,,,,,,,,,,,,,,,,,,,,,,,,,,,,,,,,,,,,,
1C163V,"Single Conductor, 16 AWG Tinned copper, hook-up lead, UL AWM Style 1061",0.078,Power to various detector electronics boards ,300,PVC,NA,Tray or Conduit,100,Belden 9980, ,Belden9980.pdf,,,,,,,,,,,,,,,,,,,,,,,,,,,,,,,,,,,,,,,,,,,,,,,,,,,,,,,,,,,,,,,,,,,,,,,,,,,,,,,,,,,,,,,,,,,,,,,,,,,,,,,,,,,,,,,,,,,,,,,,,,,,,,,,,,,,,,,,,,,,,,,,,,,,,,,,,,,,,,,,,,,,,,,,,,,,,,,,,,,,,,,,,,,,,,,,,,,,,,,,,,,,,,,,,,,,,,,,,,,,,,,,,,,,,,,,,,,,,,
1C18_ETFE6V,"Single Conductor, 18 AWG, MIL-W-22759/16, Flouropolymer Insulated, Extruded ETFE, Medium wieght, Tin Coated Copper Conductor, 600 Volt, 150 Deg C",0.061,Magnet Klixon Cables,600,Extruded ETFE,N/A,N/A (Local on Magnet),200,Harbour MIL-W-22759/16-18-X,"   ""X"" in the part number is for color codes per MIL-STD-681.  (White = 9)",Harbour-Mil-W-22759_16-18.pdf,,,,,,,,,,,,,,,,,,,,,,,,,,,,,,,,,,,,,,,,,,,,,,,,,,,,,,,,,,,,,,,,,,,,,,,,,,,,,,,,,,,,,,,,,,,,,,,,,,,,,,,,,,,,,,,,,,,,,,,,,,,,,,,,,,,,,,,,,,,,,,,,,,,,,,,,,,,,,,,,,,,,,,,,,,,,,,,,,,,,,,,,,,,,,,,,,,,,,,,,,,,,,,,,,,,,,,,,,,,,,,,,,,,,,,,,,,,,,,
1C18RG-6,"RG-6, 18 AWG, rated for tray use",0.3,ControlNet,NA,Foam PE,PVC,Tray or Conduit,100,"CommScope 5060 General Purpose, Black",,CommScope-5060.pdf,,,,,,,,,,,,,,,,,,,,,,,,,,,,,,,,,,,,,,,,,,,,,,,,,,,,,,,,,,,,,,,,,,,,,,,,,,,,,,,,,,,,,,,,,,,,,,,,,,,,,,,,,,,,,,,,,,,,,,,,,,,,,,,,,,,,,,,,,,,,,,,,,,,,,,,,,,,,,,,,,,,,,,,,,,,,,,,,,,,,,,,,,,,,,,,,,,,,,,,,,,,,,,,,,,,,,,,,,,,,,,,,,,,,,,,,,,,,,,
1C18RG-6/U,"Coax, RG-6/U, 18 AWG 75 ohm",0.298,Allen-Bradley ControlNet,N/A,PE,PVC,Tray or Conduit,100,Belden 3092A, ,Belden3092A.pdf,,,,,,,,,,,,,,,,,,,,,,,,,,,,,,,,,,,,,,,,,,,,,,,,,,,,,,,,,,,,,,,,,,,,,,,,,,,,,,,,,,,,,,,,,,,,,,,,,,,,,,,,,,,,,,,,,,,,,,,,,,,,,,,,,,,,,,,,,,,,,,,,,,,,,,,,,,,,,,,,,,,,,,,,,,,,,,,,,,,,,,,,,,,,,,,,,,,,,,,,,,,,,,,,,,,,,,,,,,,,,,,,,,,,,,,,,,,,,,
1C18RG-6/U-P,"1 conductor, 18 AWG Plenum RG-6/U Type,solid bare copper covered steel conductor, foam FEP insulation, Duobond? IV quad shield, fluorocopolymer jacket, Plenum Rated",0.274,CER-CCR PPS CNET,Comm,FFEP - Foam Fluorinated Ethylene Propylene,PVDF - Fluorocopolymer,Cable Trays and Plenum Spaces,1,Belden 3132A, ,Belden3132A.pdf,,,,,,,,,,,,,,,,,,,,,,,,,,,,,,,,,,,,,,,,,,,,,,,,,,,,,,,,,,,,,,,,,,,,,,,,,,,,,,,,,,,,,,,,,,,,,,,,,,,,,,,,,,,,,,,,,,,,,,,,,,,,,,,,,,,,,,,,,,,,,,,,,,,,,,,,,,,,,,,,,,,,,,,,,,,,,,,,,,,,,,,,,,,,,,,,,,,,,,,,,,,,,,,,,,,,,,,,,,,,,,,,,,,,,,,,,,,,,,
1C18SLW,"single Conductor, 18 AWG, High Voltage Silicone Lead Wire,stranded, tin coated copper wire, white",0.11,VAC RGA,5kVDC,Silicone rubber,N/A,Flexible Electrical Metallic Conduit,100,ROWE R800-0518-9, ,Rowe-R800-0518-9.pdf,,,,,,,,,,,,,,,,,,,,,,,,,,,,,,,,,,,,,,,,,,,,,,,,,,,,,,,,,,,,,,,,,,,,,,,,,,,,,,,,,,,,,,,,,,,,,,,,,,,,,,,,,,,,,,,,,,,,,,,,,,,,,,,,,,,,,,,,,,,,,,,,,,,,,,,,,,,,,,,,,,,,,,,,,,,,,,,,,,,,,,,,,,,,,,,,,,,,,,,,,,,,,,,,,,,,,,,,,,,,,,,,,,,,,,,,,,,,,,
1C18TC_LOC,"single Conductor, 18 AWG, stranded, Rockbestos-Suprrenant 125 degree, locomotive wire, Cable has been Rad hardened via irradiation.",0.12,Magnet System Klixon's,600,XLPO,None,Conduit,100,Suprenant-Exane_1069A-LXE-18-600V, ,Suprenant-Exane_1069A-LXE-18-600V.pdf,,,,,,,,,,,,,,,,,,,,,,,,,,,,,,,,,,,,,,,,,,,,,,,,,,,,,,,,,,,,,,,,,,,,,,,,,,,,,,,,,,,,,,,,,,,,,,,,,,,,,,,,,,,,,,,,,,,,,,,,,,,,,,,,,,,,,,,,,,,,,,,,,,,,,,,,,,,,,,,,,,,,,,,,,,,,,,,,,,,,,,,,,,,,,,,,,,,,,,,,,,,,,,,,,,,,,,,,,,,,,,,,,,,,,,,,,,,,,,
1C18TC_TRAN,"single Conductor, 18 AWG, stranded, Rockbestos-Suprenant 110 degree, transit wire, Cable has been Rad hardened via irradiation.",0.107,Magnet System Klixon's,600,XLPO,None,Conduit,100,Suprenant-Exane_1068A-TXE-18-600V, ,Suprenant-Exane_1068A-TXE-18-600V.pdf,,,,,,,,,,,,,,,,,,,,,,,,,,,,,,,,,,,,,,,,,,,,,,,,,,,,,,,,,,,,,,,,,,,,,,,,,,,,,,,,,,,,,,,,,,,,,,,,,,,,,,,,,,,,,,,,,,,,,,,,,,,,,,,,,,,,,,,,,,,,,,,,,,,,,,,,,,,,,,,,,,,,,,,,,,,,,,,,,,,,,,,,,,,,,,,,,,,,,,,,,,,,,,,,,,,,,,,,,,,,,,,,,,,,,,,,,,,,,,
1C19RG-223,"RG-223/U, One Conductor, 19 AWG, Tray Rated (UL 1581 Vertical Tray Flame Test, CL2, NEC 725)",0.234,"controls, beam diagnostic",Comm,PE,PVC,Tray or Conduit,100,Coleman 991783-xx-08, ,Coleman-991783-xx-08.pdf,,,,,,,,,,,,,,,,,,,,,,,,,,,,,,,,,,,,,,,,,,,,,,,,,,,,,,,,,,,,,,,,,,,,,,,,,,,,,,,,,,,,,,,,,,,,,,,,,,,,,,,,,,,,,,,,,,,,,,,,,,,,,,,,,,,,,,,,,,,,,,,,,,,,,,,,,,,,,,,,,,,,,,,,,,,,,,,,,,,,,,,,,,,,,,,,,,,,,,,,,,,,,,,,,,,,,,,,,,,,,,,,,,,,,,,,,,,,,,
1C19RG-223TC,"RG-223/U, One Conductor Coax, 19 AWG, Tray Rated (Low Smoke, Non-Halogen)",0.212,"Diagnostics -  ND Signals, WS signals",Comm,PE,PVC,Tray or Conduit,100,Times-Microwave AA-7294, ,TM_AA-7294CatalogSection.pdf,,,,,,,,,,,,,,,,,,,,,,,,,,,,,,,,,,,,,,,,,,,,,,,,,,,,,,,,,,,,,,,,,,,,,,,,,,,,,,,,,,,,,,,,,,,,,,,,,,,,,,,,,,,,,,,,,,,,,,,,,,,,,,,,,,,,,,,,,,,,,,,,,,,,,,,,,,,,,,,,,,,,,,,,,,,,,,,,,,,,,,,,,,,,,,,,,,,,,,,,,,,,,,,,,,,,,,,,,,,,,,,,,,,,,,,,,,,,,,
1C2/0TC6V,"Single Conductor, 2/0 AWG, Tray Cable",0.517,Power Distribution Feeder,600,"XHHW, CPE",None,Tray or Conduit,100,"Service Wire Co. XHHW-2, VW-1, 600 Volt Copper 2/0 AWG", ,ServiceWire-XHHW2_VW-1.pdf,,,,,,,,,,,,,,,,,,,,,,,,,,,,,,,,,,,,,,,,,,,,,,,,,,,,,,,,,,,,,,,,,,,,,,,,,,,,,,,,,,,,,,,,,,,,,,,,,,,,,,,,,,,,,,,,,,,,,,,,,,,,,,,,,,,,,,,,,,,,,,,,,,,,,,,,,,,,,,,,,,,,,,,,,,,,,,,,,,,,,,,,,,,,,,,,,,,,,,,,,,,,,,,,,,,,,,,,,,,,,,,,,,,,,,,,,,,,,,
1C203V,"Single Conductor, 20 AWG Tinned copper, hook-up lead, UL AWM Style 1061",0.057,Power to various detector electronics boards ,300,PVC,NA,Tray or Conduit,100,Belden 9982, ,Belden9982.pdf,,,,,,,,,,,,,,,,,,,,,,,,,,,,,,,,,,,,,,,,,,,,,,,,,,,,,,,,,,,,,,,,,,,,,,,,,,,,,,,,,,,,,,,,,,,,,,,,,,,,,,,,,,,,,,,,,,,,,,,,,,,,,,,,,,,,,,,,,,,,,,,,,,,,,,,,,,,,,,,,,,,,,,,,,,,,,,,,,,,,,,,,,,,,,,,,,,,,,,,,,,,,,,,,,,,,,,,,,,,,,,,,,,,,,,,,,,,,,,
1C20LMR100APVC,"Drop in replacement for RG-316, PE dielectric",0.11,Rf Controls,Comm,Solid PE,Flame Retardant PVC,Conduit only,100,Times Microwave LMR-100A-PVC (Part 54119), ,TimeMicrowave-LMR-100A.pdf,,,,,,,,,,,,,,,,,,,,,,,,,,,,,,,,,,,,,,,,,,,,,,,,,,,,,,,,,,,,,,,,,,,,,,,,,,,,,,,,,,,,,,,,,,,,,,,,,,,,,,,,,,,,,,,,,,,,,,,,,,,,,,,,,,,,,,,,,,,,,,,,,,,,,,,,,,,,,,,,,,,,,,,,,,,,,,,,,,,,,,,,,,,,,,,,,,,,,,,,,,,,,,,,,,,,,,,,,,,,,,,,,,,,,,,,,,,,,,
1C20LMR195PVC,"Drop in replacement for RG-58, PE dielectric",0.195,Rf Controls,Comm,Solid PE,Flame Retardant PVC,Tray or Conduit,100,Times Microwave LMR-195-PVC (Part 54105), ,TimeMicrowave-LMR-195.pdf,,,,,,,,,,,,,,,,,,,,,,,,,,,,,,,,,,,,,,,,,,,,,,,,,,,,,,,,,,,,,,,,,,,,,,,,,,,,,,,,,,,,,,,,,,,,,,,,,,,,,,,,,,,,,,,,,,,,,,,,,,,,,,,,,,,,,,,,,,,,,,,,,,,,,,,,,,,,,,,,,,,,,,,,,,,,,,,,,,,,,,,,,,,,,,,,,,,,,,,,,,,,,,,,,,,,,,,,,,,,,,,,,,,,,,,,,,,,,,
1C20NTERG-59,"NON-TRIBO-ELECTRIC, RG-59, DUOBOND PLUS - 95% BRAID,       CATV OR CM RATED",0.242,Signal Cable,Comm,GAS INJECTED FOAM PE,PVC,Tray or Conduit,100,Belden 9054, ,Belden9054.pdf,,,,,,,,,,,,,,,,,,,,,,,,,,,,,,,,,,,,,,,,,,,,,,,,,,,,,,,,,,,,,,,,,,,,,,,,,,,,,,,,,,,,,,,,,,,,,,,,,,,,,,,,,,,,,,,,,,,,,,,,,,,,,,,,,,,,,,,,,,,,,,,,,,,,,,,,,,,,,,,,,,,,,,,,,,,,,,,,,,,,,,,,,,,,,,,,,,,,,,,,,,,,,,,,,,,,,,,,,,,,,,,,,,,,,,,,,,,,,,
1C20RG-58,"1 Conductor, 20 AWG, RG-58, Solid",0.195,Linac,Comm,Solid PE,Flame Retardant PVC,Tray or Conduit,100,"CommScope 3130, Black", ,CommScope-3130.pdf,,,,,,,,,,,,,,,,,,,,,,,,,,,,,,,,,,,,,,,,,,,,,,,,,,,,,,,,,,,,,,,,,,,,,,,,,,,,,,,,,,,,,,,,,,,,,,,,,,,,,,,,,,,,,,,,,,,,,,,,,,,,,,,,,,,,,,,,,,,,,,,,,,,,,,,,,,,,,,,,,,,,,,,,,,,,,,,,,,,,,,,,,,,,,,,,,,,,,,,,,,,,,,,,,,,,,,,,,,,,,,,,,,,,,,,,,,,,,,
1C20RG-58_STRANDED,"1 Conductor, 20 AWG, Coax, stranded, RG-58/U",0.193, CCG Collector Cables,Comm,Foam PE,PVC,Tray or Conduit,100,Belden 8219, ,Belden8219.pdf,,,,,,,,,,,,,,,,,,,,,,,,,,,,,,,,,,,,,,,,,,,,,,,,,,,,,,,,,,,,,,,,,,,,,,,,,,,,,,,,,,,,,,,,,,,,,,,,,,,,,,,,,,,,,,,,,,,,,,,,,,,,,,,,,,,,,,,,,,,,,,,,,,,,,,,,,,,,,,,,,,,,,,,,,,,,,,,,,,,,,,,,,,,,,,,,,,,,,,,,,,,,,,,,,,,,,,,,,,,,,,,,,,,,,,,,,,,,,,
1C20RG-59,"RG-59, 20 AWG",0.265,Linac,Comm,Foam PE,Flame Retardant PVC,Tray or Conduit,100,"CommScope 5540, Black", ,CommScope-5540.pdf,,,,,,,,,,,,,,,,,,,,,,,,,,,,,,,,,,,,,,,,,,,,,,,,,,,,,,,,,,,,,,,,,,,,,,,,,,,,,,,,,,,,,,,,,,,,,,,,,,,,,,,,,,,,,,,,,,,,,,,,,,,,,,,,,,,,,,,,,,,,,,,,,,,,,,,,,,,,,,,,,,,,,,,,,,,,,,,,,,,,,,,,,,,,,,,,,,,,,,,,,,,,,,,,,,,,,,,,,,,,,,,,,,,,,,,,,,,,,,
1C20RG-59_9104,"1 Conductor, RG-59/U 20 AWG, Broadband Coax Cable",0.237,GPS antenna pigtail,300,Foam PE,PVC,Tray or Conduit,100,Belden 9104, ,Belden9104.pdf,,,,,,,,,,,,,,,,,,,,,,,,,,,,,,,,,,,,,,,,,,,,,,,,,,,,,,,,,,,,,,,,,,,,,,,,,,,,,,,,,,,,,,,,,,,,,,,,,,,,,,,,,,,,,,,,,,,,,,,,,,,,,,,,,,,,,,,,,,,,,,,,,,,,,,,,,,,,,,,,,,,,,,,,,,,,,,,,,,,,,,,,,,,,,,,,,,,,,,,,,,,,,,,,,,,,,,,,,,,,,,,,,,,,,,,,,,,,,,
1C20RG-59Red,"RG-59, 20 AWG, with red jacket",0.265,Linac,Comm,Foam PE,Flame Retardant PVC,Tray or Conduit,100,"CommScope 5540, Red", ,CommScope-5540Red.pdf,,,,,,,,,,,,,,,,,,,,,,,,,,,,,,,,,,,,,,,,,,,,,,,,,,,,,,,,,,,,,,,,,,,,,,,,,,,,,,,,,,,,,,,,,,,,,,,,,,,,,,,,,,,,,,,,,,,,,,,,,,,,,,,,,,,,,,,,,,,,,,,,,,,,,,,,,,,,,,,,,,,,,,,,,,,,,,,,,,,,,,,,,,,,,,,,,,,,,,,,,,,,,,,,,,,,,,,,,,,,,,,,,,,,,,,,,,,,,,
1C20RG-59U_Triax,"Single Conductor 20 AWG Solid bare copper Conductor, Video Triax Cable",0.225,Fast Valve Sensors,Comm,Foam High Density PE (FHDPE),PVC (inner and outer jackets),Tray or Conduit,100,Belden 8232A, ,Belden8232A.pdf,,,,,,,,,,,,,,,,,,,,,,,,,,,,,,,,,,,,,,,,,,,,,,,,,,,,,,,,,,,,,,,,,,,,,,,,,,,,,,,,,,,,,,,,,,,,,,,,,,,,,,,,,,,,,,,,,,,,,,,,,,,,,,,,,,,,,,,,,,,,,,,,,,,,,,,,,,,,,,,,,,,,,,,,,,,,,,,,,,,,,,,,,,,,,,,,,,,,,,,,,,,,,,,,,,,,,,,,,,,,,,,,,,,,,,,,,,,,,,
1C22AWG_RG-59/U,"1 Conductor, 22 AWG, Coax, Standed Conductor",0.241,Video Signal,Comm,FPE,PVC,Tray or Conduit,100,Belden 9259, ,Belden9259.pdf,,,,,,,,,,,,,,,,,,,,,,,,,,,,,,,,,,,,,,,,,,,,,,,,,,,,,,,,,,,,,,,,,,,,,,,,,,,,,,,,,,,,,,,,,,,,,,,,,,,,,,,,,,,,,,,,,,,,,,,,,,,,,,,,,,,,,,,,,,,,,,,,,,,,,,,,,,,,,,,,,,,,,,,,,,,,,,,,,,,,,,,,,,,,,,,,,,,,,,,,,,,,,,,,,,,,,,,,,,,,,,,,,,,,,,,,,,,,,,
1C22RG-59Red,"RG-59/U, One Conductor, 22 AWG, Tray Rated, Red Jacketed (UL 1581 Vertical Tray Flame Test, CL2)",0.242,ION Chamber BLM HV Cable,Comm,PE,PVC,Tray or Conduit,100,Coleman 991057-xx-04,"   ""xx"" = 05 for 500 ft roll, or 06 for 1000 ft roll.",Coaleman-991057-xx-04.pdf,,,,,,,,,,,,,,,,,,,,,,,,,,,,,,,,,,,,,,,,,,,,,,,,,,,,,,,,,,,,,,,,,,,,,,,,,,,,,,,,,,,,,,,,,,,,,,,,,,,,,,,,,,,,,,,,,,,,,,,,,,,,,,,,,,,,,,,,,,,,,,,,,,,,,,,,,,,,,,,,,,,,,,,,,,,,,,,,,,,,,,,,,,,,,,,,,,,,,,,,,,,,,,,,,,,,,,,,,,,,,,,,,,,,,,,,,,,,,,
1C250TC6V,"Single Conductor, 250 AWG, Tray Cable",0.713,Power Distribution Feeder,600,"XHHW, CPE",None,Tray or Conduit,100,"Service Wire Co. XHHW-2, VW-1, 600 Volt Copper 250 AWG", ,ServiceWire-XHHW2_VW-1.pdf,,,,,,,,,,,,,,,,,,,,,,,,,,,,,,,,,,,,,,,,,,,,,,,,,,,,,,,,,,,,,,,,,,,,,,,,,,,,,,,,,,,,,,,,,,,,,,,,,,,,,,,,,,,,,,,,,,,,,,,,,,,,,,,,,,,,,,,,,,,,,,,,,,,,,,,,,,,,,,,,,,,,,,,,,,,,,,,,,,,,,,,,,,,,,,,,,,,,,,,,,,,,,,,,,,,,,,,,,,,,,,,,,,,,,,,,,,,,,,
1C262DEL,1 Conductor 262..6 Locomotive cable,0.973,Flexible cabling for Magnet Power,2000,EPR,CPE,Tray or Conduit,100,Amercable 37119215, ,Amercable_37119215.pdf,,,,,,,,,,,,,,,,,,,,,,,,,,,,,,,,,,,,,,,,,,,,,,,,,,,,,,,,,,,,,,,,,,,,,,,,,,,,,,,,,,,,,,,,,,,,,,,,,,,,,,,,,,,,,,,,,,,,,,,,,,,,,,,,,,,,,,,,,,,,,,,,,,,,,,,,,,,,,,,,,,,,,,,,,,,,,,,,,,,,,,,,,,,,,,,,,,,,,,,,,,,,,,,,,,,,,,,,,,,,,,,,,,,,,,,,,,,,,,
1C3/0TC6V,"Single Conductor, 3/0 AWG, Tray Cable",0.567,Power Distribution Feeder,600,"XHHW, CPE",None,Tray or Conduit,100,"Service Wire Co. XHHW-2, VW-1, 600 Volt Copper 3/0 AWG", ,ServiceWire-XHHW2_VW-1.pdf,,,,,,,,,,,,,,,,,,,,,,,,,,,,,,,,,,,,,,,,,,,,,,,,,,,,,,,,,,,,,,,,,,,,,,,,,,,,,,,,,,,,,,,,,,,,,,,,,,,,,,,,,,,,,,,,,,,,,,,,,,,,,,,,,,,,,,,,,,,,,,,,,,,,,,,,,,,,,,,,,,,,,,,,,,,,,,,,,,,,,,,,,,,,,,,,,,,,,,,,,,,,,,,,,,,,,,,,,,,,,,,,,,,,,,,,,,,,,,
1C3/0TC6V_XLPU2,"Single Conductor, 3/0 AWG, Tray Cable",0.617,Power Distribution Feeder,600,XLP USE-2,N/A,Tray or Conduit,100,Service Wire XLP USE-2 VW-1 RHH/RHW-2, ,Servicewire_XLP_USE-2_RHH_RHW-2.pdf,,,,,,,,,,,,,,,,,,,,,,,,,,,,,,,,,,,,,,,,,,,,,,,,,,,,,,,,,,,,,,,,,,,,,,,,,,,,,,,,,,,,,,,,,,,,,,,,,,,,,,,,,,,,,,,,,,,,,,,,,,,,,,,,,,,,,,,,,,,,,,,,,,,,,,,,,,,,,,,,,,,,,,,,,,,,,,,,,,,,,,,,,,,,,,,,,,,,,,,,,,,,,,,,,,,,,,,,,,,,,,,,,,,,,,,,,,,,,,
1C300TC6V,"Single Conductor, 300 AWG, Tray Cable",0.759,Power Distribution Feeder,600,"XHHW, CPE",None,Tray or Conduit,100,"Service Wire Co. XHHW-2, VW-1, 600 Volt Copper 300 AWG", ,ServiceWire-XHHW2_VW-1.pdf,,,,,,,,,,,,,,,,,,,,,,,,,,,,,,,,,,,,,,,,,,,,,,,,,,,,,,,,,,,,,,,,,,,,,,,,,,,,,,,,,,,,,,,,,,,,,,,,,,,,,,,,,,,,,,,,,,,,,,,,,,,,,,,,,,,,,,,,,,,,,,,,,,,,,,,,,,,,,,,,,,,,,,,,,,,,,,,,,,,,,,,,,,,,,,,,,,,,,,,,,,,,,,,,,,,,,,,,,,,,,,,,,,,,,,,,,,,,,,
1C350TC6V,"Single Conductor, 350 AWG, Tray Cable",0.819,Power Distribution Feeder,600,"XHHW, CPE",None,Tray or Conduit,100,"Service Wire Co. XHHW-2, VW-1, 600 Volt Copper 350 AWG", ,ServiceWire-XHHW2_VW-1.pdf,,,,,,,,,,,,,,,,,,,,,,,,,,,,,,,,,,,,,,,,,,,,,,,,,,,,,,,,,,,,,,,,,,,,,,,,,,,,,,,,,,,,,,,,,,,,,,,,,,,,,,,,,,,,,,,,,,,,,,,,,,,,,,,,,,,,,,,,,,,,,,,,,,,,,,,,,,,,,,,,,,,,,,,,,,,,,,,,,,,,,,,,,,,,,,,,,,,,,,,,,,,,,,,,,,,,,,,,,,,,,,,,,,,,,,,,,,,,,,
1C4/0DEL,1 Conductor 4/0 Locomotive cable,0.839,Flexible cabling for Magnet Power,2000,EPR,CPE,Tray or Conduit,100,Amercable 37119214,,Amercable_37119214.pdf,,,,,,,,,,,,,,,,,,,,,,,,,,,,,,,,,,,,,,,,,,,,,,,,,,,,,,,,,,,,,,,,,,,,,,,,,,,,,,,,,,,,,,,,,,,,,,,,,,,,,,,,,,,,,,,,,,,,,,,,,,,,,,,,,,,,,,,,,,,,,,,,,,,,,,,,,,,,,,,,,,,,,,,,,,,,,,,,,,,,,,,,,,,,,,,,,,,,,,,,,,,,,,,,,,,,,,,,,,,,,,,,,,,,,,,,,,,,,,
1C4/0DELGC,"1 Conductor 4/0 Locomotive cable, Tray Rated, Black",0.87,Flexible cabling for Magnet Power,2000,EPR,CPE,Tray or Conduit,100,General Cable 81940, ,General-DLO-81940-99-01.pdf,,,,,,,,,,,,,,,,,,,,,,,,,,,,,,,,,,,,,,,,,,,,,,,,,,,,,,,,,,,,,,,,,,,,,,,,,,,,,,,,,,,,,,,,,,,,,,,,,,,,,,,,,,,,,,,,,,,,,,,,,,,,,,,,,,,,,,,,,,,,,,,,,,,,,,,,,,,,,,,,,,,,,,,,,,,,,,,,,,,,,,,,,,,,,,,,,,,,,,,,,,,,,,,,,,,,,,,,,,,,,,,,,,,,,,,,,,,,,,
1C4/0TC6V,"Single Conductor, 4/0 AWG, Tray Cable",0.623,Power Distribution Feeder,600,"XHHW, CPE",None,Tray or Conduit,100,"Service Wire Co. XHHW-2, VW-1, 600 Volt Copper 4/0 AWG", ,ServiceWire-XHHW2_VW-1.pdf,,,,,,,,,,,,,,,,,,,,,,,,,,,,,,,,,,,,,,,,,,,,,,,,,,,,,,,,,,,,,,,,,,,,,,,,,,,,,,,,,,,,,,,,,,,,,,,,,,,,,,,,,,,,,,,,,,,,,,,,,,,,,,,,,,,,,,,,,,,,,,,,,,,,,,,,,,,,,,,,,,,,,,,,,,,,,,,,,,,,,,,,,,,,,,,,,,,,,,,,,,,,,,,,,,,,,,,,,,,,,,,,,,,,,,,,,,,,,,
1C4/0Welding6V,"1 Conductor 4/0, Carol Super Vu-Tron Welding Cable, Orange",0.8,Magnet Power,600,N/A,"CPE
(Super Vu-Tron)","Dedicated Tray with 6"" rung spacing and labeling",100,General Cable - Carol Brand 01761.35.04, ,General-Carol-01761-35-01.pdf,,,,,,,,,,,,,,,,,,,,,,,,,,,,,,,,,,,,,,,,,,,,,,,,,,,,,,,,,,,,,,,,,,,,,,,,,,,,,,,,,,,,,,,,,,,,,,,,,,,,,,,,,,,,,,,,,,,,,,,,,,,,,,,,,,,,,,,,,,,,,,,,,,,,,,,,,,,,,,,,,,,,,,,,,,,,,,,,,,,,,,,,,,,,,,,,,,,,,,,,,,,,,,,,,,,,,,,,,,,,,,,,,,,,,,,,,,,,,,
1C400TC6V,"Single Conductor, 400 AWG, Tray Cable",0.858,Power Distribution Feeder,600,"XHHW, CPE",None,Tray or Conduit,100,"Service Wire Co. XHHW-2, VW-1, 600 Volt Copper 400 AWG", ,ServiceWire-XHHW2_VW-1.pdf,,,,,,,,,,,,,,,,,,,,,,,,,,,,,,,,,,,,,,,,,,,,,,,,,,,,,,,,,,,,,,,,,,,,,,,,,,,,,,,,,,,,,,,,,,,,,,,,,,,,,,,,,,,,,,,,,,,,,,,,,,,,,,,,,,,,,,,,,,,,,,,,,,,,,,,,,,,,,,,,,,,,,,,,,,,,,,,,,,,,,,,,,,,,,,,,,,,,,,,,,,,,,,,,,,,,,,,,,,,,,,,,,,,,,,,,,,,,,,
1C4DEL,"1 Conductor 4 AWG, Locomotive cable",0.46,Flexible cabling for Magnet Power,2000,EPR,CPE,Conduit Only,100,Amercable 37119207,,Amercable_37119207.pdf,,,,,,,,,,,,,,,,,,,,,,,,,,,,,,,,,,,,,,,,,,,,,,,,,,,,,,,,,,,,,,,,,,,,,,,,,,,,,,,,,,,,,,,,,,,,,,,,,,,,,,,,,,,,,,,,,,,,,,,,,,,,,,,,,,,,,,,,,,,,,,,,,,,,,,,,,,,,,,,,,,,,,,,,,,,,,,,,,,,,,,,,,,,,,,,,,,,,,,,,,,,,,,,,,,,,,,,,,,,,,,,,,,,,,,,,,,,,,,
1C4RG219,"1 Conductor, 4 AWG bare copper, Outer Conductor - 30 AWG bare copper, 50 Ohm Coax ",0.87-0.945 w/ armor,RF,8000 RMS,Solid PE,XLPE,Tray or Conduit,100,Times Microwave AA-7293, ,TimesMicrowave-AA-7293.pdf,,,,,,,,,,,,,,,,,,,,,,,,,,,,,,,,,,,,,,,,,,,,,,,,,,,,,,,,,,,,,,,,,,,,,,,,,,,,,,,,,,,,,,,,,,,,,,,,,,,,,,,,,,,,,,,,,,,,,,,,,,,,,,,,,,,,,,,,,,,,,,,,,,,,,,,,,,,,,,,,,,,,,,,,,,,,,,,,,,,,,,,,,,,,,,,,,,,,,,,,,,,,,,,,,,,,,,,,,,,,,,,,,,,,,,,,,,,,,,
1C500TC6V,"Single Conductor, 500 AWG, Tray Cable",0.951,Power Distribution Feeder,600,"XHHW, CPE",None,Tray or Conduit,100,"Service Wire Co. XHHW-2, VW-1, 600 Volt Copper 500 AWG", ,ServiceWire-XHHW2_VW-1.pdf,,,,,,,,,,,,,,,,,,,,,,,,,,,,,,,,,,,,,,,,,,,,,,,,,,,,,,,,,,,,,,,,,,,,,,,,,,,,,,,,,,,,,,,,,,,,,,,,,,,,,,,,,,,,,,,,,,,,,,,,,,,,,,,,,,,,,,,,,,,,,,,,,,,,,,,,,,,,,,,,,,,,,,,,,,,,,,,,,,,,,,,,,,,,,,,,,,,,,,,,,,,,,,,,,,,,,,,,,,,,,,,,,,,,,,,,,,,,,,
1C535DEL,1 Conductor 535.3 Locomotive cable,1.295,Flexible cabling for Magnet Power,2000,EPR,CPE,Tray or Conduit,100,Amercable 37119219,,Amercable_37119219.pdf,,,,,,,,,,,,,,,,,,,,,,,,,,,,,,,,,,,,,,,,,,,,,,,,,,,,,,,,,,,,,,,,,,,,,,,,,,,,,,,,,,,,,,,,,,,,,,,,,,,,,,,,,,,,,,,,,,,,,,,,,,,,,,,,,,,,,,,,,,,,,,,,,,,,,,,,,,,,,,,,,,,,,,,,,,,,,,,,,,,,,,,,,,,,,,,,,,,,,,,,,,,,,,,,,,,,,,,,,,,,,,,,,,,,,,,,,,,,,,
1C535DLO,"1 Conductor 535..3 AWS Super Vu-Tron Diesel Locomotive Cable, Tray Rated, Black",0.065,Flexible cabling for Magnet Power,2000,EPDM,CPE,Tray or Conduit,100,General Cable 82953, ,,,,,,,,,,,,,,,,,,,,,,,,,,,,,,,,,,,,,,,,,,,,,,,,,,,,,,,,,,,,,,,,,,,,,,,,,,,,,,,,,,,,,,,,,,,,,,,,,,,,,,,,,,,,,,,,,,,,,,,,,,,,,,,,,,,,,,,,,,,,,,,,,,,,,,,,,,,,,,,,,,,,,,,,,,,,,,,,,,,,,,,,,,,,,,,,,,,,,,,,,,,,,,,,,,,,,,,,,,,,,,,,,,,,,,,,,,,,,,,
1C646DEL,1 Conductor 646.4 Locomotive cable,1.368,Flexible cabling for Magnet Power,2000,EPR,CPE,Tray or Conduit,100,Amercable 37119220,,Amercable_37119220.pdf,,,,,,,,,,,,,,,,,,,,,,,,,,,,,,,,,,,,,,,,,,,,,,,,,,,,,,,,,,,,,,,,,,,,,,,,,,,,,,,,,,,,,,,,,,,,,,,,,,,,,,,,,,,,,,,,,,,,,,,,,,,,,,,,,,,,,,,,,,,,,,,,,,,,,,,,,,,,,,,,,,,,,,,,,,,,,,,,,,,,,,,,,,,,,,,,,,,,,,,,,,,,,,,,,,,,,,,,,,,,,,,,,,,,,,,,,,,,,,
1C777DEL,1 Conductor 777 Locomotive cable,1.488,Flexible cabling for Magnet Power,2000,EPR,CPE,Tray or Conduit,100,Amercable 37119221,,Amercable_37119221.pdf,,,,,,,,,,,,,,,,,,,,,,,,,,,,,,,,,,,,,,,,,,,,,,,,,,,,,,,,,,,,,,,,,,,,,,,,,,,,,,,,,,,,,,,,,,,,,,,,,,,,,,,,,,,,,,,,,,,,,,,,,,,,,,,,,,,,,,,,,,,,,,,,,,,,,,,,,,,,,,,,,,,,,,,,,,,,,,,,,,,,,,,,,,,,,,,,,,,,,,,,,,,,,,,,,,,,,,,,,,,,,,,,,,,,,,,,,,,,,,
1Cyy6V,"Single Conductor, XHHW, where yy = Conductor size.  14 AWG to 1000",0.131-1.281,"Cabinet power, lighting, 120 VAC Outlets",600,"XHHW, CPE",None,Conduit only,100,Southwire XHHW-2,,Southwire-XHHW.pdf,,,,,,,,,,,,,,,,,,,,,,,,,,,,,,,,,,,,,,,,,,,,,,,,,,,,,,,,,,,,,,,,,,,,,,,,,,,,,,,,,,,,,,,,,,,,,,,,,,,,,,,,,,,,,,,,,,,,,,,,,,,,,,,,,,,,,,,,,,,,,,,,,,,,,,,,,,,,,,,,,,,,,,,,,,,,,,,,,,,,,,,,,,,,,,,,,,,,,,,,,,,,,,,,,,,,,,,,,,,,,,,,,,,,,,,,,,,,,,
1P163V,"1 Twisted Pairr, 16 AWG tinned copper conductors, PVC Insulation, PVC Jacket ",0.274,LonWorks network cable,300,PVC,PVC,Tray or Conduit,100,Belden 8471, ,Belden8471.pdf,,,,,,,,,,,,,,,,,,,,,,,,,,,,,,,,,,,,,,,,,,,,,,,,,,,,,,,,,,,,,,,,,,,,,,,,,,,,,,,,,,,,,,,,,,,,,,,,,,,,,,,,,,,,,,,,,,,,,,,,,,,,,,,,,,,,,,,,,,,,,,,,,,,,,,,,,,,,,,,,,,,,,,,,,,,,,,,,,,,,,,,,,,,,,,,,,,,,,,,,,,,,,,,,,,,,,,,,,,,,,,,,,,,,,,,,,,,,,,
1P16STC3V,"1 Pair, 16 AWG, shielded, tray rated",0.257,"Control Cable, Analog  & Discrete",300,PVC,PVC,Tray or Conduit,100,Belden 1030A, ,Belden1030A.pdf,,,,,,,,,,,,,,,,,,,,,,,,,,,,,,,,,,,,,,,,,,,,,,,,,,,,,,,,,,,,,,,,,,,,,,,,,,,,,,,,,,,,,,,,,,,,,,,,,,,,,,,,,,,,,,,,,,,,,,,,,,,,,,,,,,,,,,,,,,,,,,,,,,,,,,,,,,,,,,,,,,,,,,,,,,,,,,,,,,,,,,,,,,,,,,,,,,,,,,,,,,,,,,,,,,,,,,,,,,,,,,,,,,,,,,,,,,,,,,
1P16THCP3VEX,"1 Pair, 16 AWG, Twisted Shielded Extension Grade Chromeda/Constantan Duplex - ANSI Type EX Thermocouple Wire - UL Listed TWSH-UL. W/18 AWG Drain Wire",0.035,Thermocouple Wire,300,PVC,PVC,Tray or Conduit,100,Newport EXPP-E-16-TWSH-UL, ,EXPP-E-16-TWSH-UL.pdf,,,,,,,,,,,,,,,,,,,,,,,,,,,,,,,,,,,,,,,,,,,,,,,,,,,,,,,,,,,,,,,,,,,,,,,,,,,,,,,,,,,,,,,,,,,,,,,,,,,,,,,,,,,,,,,,,,,,,,,,,,,,,,,,,,,,,,,,,,,,,,,,,,,,,,,,,,,,,,,,,,,,,,,,,,,,,,,,,,,,,,,,,,,,,,,,,,,,,,,,,,,,,,,,,,,,,,,,,,,,,,,,,,,,,,,,,,,,,,
1P18OSTC6V,"1 Pair, 18 AWG, Overall Shield",0.3,RTD Wiring in RAD Areas,600,EPR,CPE,Tray or Conduit,100,General BICC 287650, ,General-BICC-287650.pdf,,,,,,,,,,,,,,,,,,,,,,,,,,,,,,,,,,,,,,,,,,,,,,,,,,,,,,,,,,,,,,,,,,,,,,,,,,,,,,,,,,,,,,,,,,,,,,,,,,,,,,,,,,,,,,,,,,,,,,,,,,,,,,,,,,,,,,,,,,,,,,,,,,,,,,,,,,,,,,,,,,,,,,,,,,,,,,,,,,,,,,,,,,,,,,,,,,,,,,,,,,,,,,,,,,,,,,,,,,,,,,,,,,,,,,,,,,,,,,
1P18STC3V,"1 Pair, 18 AWG, shielded, tray rated",0.233,"Control Cable, Analog  & Discrete",300,PVC,PVC,Tray or Conduit,100,Belden 1032A, ,Belden1032A.pdf,,,,,,,,,,,,,,,,,,,,,,,,,,,,,,,,,,,,,,,,,,,,,,,,,,,,,,,,,,,,,,,,,,,,,,,,,,,,,,,,,,,,,,,,,,,,,,,,,,,,,,,,,,,,,,,,,,,,,,,,,,,,,,,,,,,,,,,,,,,,,,,,,,,,,,,,,,,,,,,,,,,,,,,,,,,,,,,,,,,,,,,,,,,,,,,,,,,,,,,,,,,,,,,,,,,,,,,,,,,,,,,,,,,,,,,,,,,,,,
